-- phpMyAdmin SQL Dump
-- version 4.1.14
-- http://www.phpmyadmin.net
--
-- Anamakine: 127.0.0.1
-- Üretim Zamanı: 05 Eyl 2016, 12:18:58
-- Sunucu sürümü: 5.6.17
-- PHP Sürümü: 5.5.12

SET SQL_MODE = "NO_AUTO_VALUE_ON_ZERO";
SET time_zone = "+00:00";


/*!40101 SET @OLD_CHARACTER_SET_CLIENT=@@CHARACTER_SET_CLIENT */;
/*!40101 SET @OLD_CHARACTER_SET_RESULTS=@@CHARACTER_SET_RESULTS */;
/*!40101 SET @OLD_COLLATION_CONNECTION=@@COLLATION_CONNECTION */;
/*!40101 SET NAMES utf8 */;

--
-- Veritabanı: `pokémonworldnormalized`
--

-- --------------------------------------------------------

--
-- Tablo için tablo yapısı `canbeat`
--

CREATE TABLE IF NOT EXISTS `canbeat` (
  `type1` varchar(10) NOT NULL,
  `type2` varchar(10) NOT NULL,
  PRIMARY KEY (`type1`,`type2`),
  KEY `type2` (`type2`)
) ENGINE=InnoDB DEFAULT CHARSET=latin1;

--
-- Tablo döküm verisi `canbeat`
--

INSERT INTO `canbeat` (`type1`, `type2`) VALUES
('Fire', 'Bug'),
('Flying', 'Bug'),
('Rock', 'Bug'),
('Steel', 'Bug'),
('Bug', 'Dark'),
('Fairy', 'Dark'),
('Fighting', 'Dark'),
('Dragon', 'Dragon'),
('Fairy', 'Dragon'),
('Ice', 'Dragon'),
('Ground', 'Electric'),
('Poison', 'Fairy'),
('Steel', 'Fairy'),
('Fairy', 'Fighting'),
('Flying', 'Fighting'),
('Psychic', 'Fighting'),
('Ground', 'Fire'),
('Rock', 'Fire'),
('Water', 'Fire'),
('Electric', 'Flying'),
('Ice', 'Flying'),
('Rock', 'Flying'),
('Dark', 'Ghost'),
('Ghost', 'Ghost'),
('Bug', 'Grass'),
('Fire', 'Grass'),
('Flying', 'Grass'),
('Ice', 'Grass'),
('Poison', 'Grass'),
('Steel', 'Grass'),
('Grass', 'Ground'),
('Ice', 'Ground'),
('Water', 'Ground'),
('Fighting', 'Ice'),
('Fire', 'Ice'),
('Rock', 'Ice'),
('Fighting', 'Normal'),
('Ground', 'Poison'),
('Psychic', 'Poison'),
('Bug', 'Psychic'),
('Dark', 'Psychic'),
('Ghost', 'Psychic'),
('Fighting', 'Rock'),
('Grass', 'Rock'),
('Ground', 'Rock'),
('Water', 'Rock'),
('Fighting', 'Steel'),
('Fire', 'Steel'),
('Ground', 'Steel'),
('Electric', 'Water'),
('Grass', 'Water');

-- --------------------------------------------------------

--
-- Tablo için tablo yapısı `isimmune`
--

CREATE TABLE IF NOT EXISTS `isimmune` (
  `type1` varchar(10) NOT NULL,
  `type2` varchar(10) NOT NULL,
  PRIMARY KEY (`type1`,`type2`),
  KEY `type2` (`type2`)
) ENGINE=InnoDB DEFAULT CHARSET=latin1;

--
-- Tablo döküm verisi `isimmune`
--

INSERT INTO `isimmune` (`type1`, `type2`) VALUES
('Psychic', 'Dark'),
('Dragon', 'Fairy'),
('Ground', 'Flying'),
('Fighting', 'Ghost'),
('Normal', 'Ghost'),
('Electric', 'Ground'),
('Ghost', 'Normal'),
('Poison', 'Steel');

-- --------------------------------------------------------

--
-- Tablo için tablo yapısı `pokémon`
--

CREATE TABLE IF NOT EXISTS `pokémon` (
  `pid` int(11) NOT NULL AUTO_INCREMENT,
  `pName` varchar(100) NOT NULL,
  `region` varchar(40) DEFAULT NULL,
  `HP` int(11) DEFAULT NULL,
  `attack` int(11) DEFAULT NULL,
  `defense` int(11) DEFAULT NULL,
  `info` varchar(255) DEFAULT NULL,
  PRIMARY KEY (`pid`),
  KEY `region` (`region`),
  KEY `pName` (`pName`)
) ENGINE=InnoDB  DEFAULT CHARSET=latin1 AUTO_INCREMENT=706 ;

--
-- Tablo döküm verisi `pokémon`
--

INSERT INTO `pokémon` (`pid`, `pName`, `region`, `HP`, `attack`, `defense`, `info`) VALUES
(1, 'Bulbasaur', 'Kanto', 45, 49, 49, NULL),
(2, 'Ivysaur', 'Kanto', 60, 62, 63, NULL),
(3, 'Venusaur', 'Kanto', 80, 82, 83, NULL),
(4, 'Charmander', 'Kanto', 39, 52, 43, NULL),
(5, 'Charmeleon', 'Kanto', 58, 64, 58, NULL),
(6, 'Charizard', 'Kanto', 78, 84, 78, NULL),
(7, 'Squirtle', 'Kanto', 44, 48, 65, NULL),
(8, 'Wartortle', 'Kanto', 59, 63, 80, NULL),
(9, 'Blastoise', 'Kanto', 79, 83, 100, NULL),
(10, 'Caterpie', 'Kanto', 45, 30, 35, NULL),
(11, 'Metapod', 'Kanto', 50, 20, 55, NULL),
(12, 'Butterfree', 'Kanto', 60, 45, 50, NULL),
(13, 'Weedle', 'Kanto', 40, 35, 30, NULL),
(14, 'Kakuna', 'Kanto', 45, 25, 50, NULL),
(15, 'Beedrill', 'Kanto', 65, 90, 40, NULL),
(16, 'Pidgey', 'Kanto', 40, 45, 40, NULL),
(17, 'Pidgeotto', 'Kanto', 63, 60, 55, NULL),
(18, 'Pidgeot', 'Kanto', 83, 80, 75, NULL),
(19, 'Rattata', 'Kanto', 30, 56, 35, NULL),
(20, 'Raticate', 'Kanto', 55, 81, 60, NULL),
(21, 'Spearow', 'Kanto', 40, 60, 30, NULL),
(22, 'Fearow', 'Kanto', 65, 90, 65, NULL),
(23, 'Ekans', 'Kanto', 35, 60, 44, NULL),
(24, 'Arbok', 'Kanto', 60, 85, 69, NULL),
(25, 'Pikachu', 'Kanto', 35, 55, 40, NULL),
(26, 'Raichu', 'Kanto', 60, 90, 55, NULL),
(27, 'Sandshrew', 'Kanto', 50, 75, 85, NULL),
(28, 'Sandslash', 'Kanto', 75, 100, 110, NULL),
(29, 'Nidoran?(Male)', 'Kanto', 55, 47, 52, NULL),
(30, 'Nidorina', 'Kanto', 70, 62, 67, NULL),
(31, 'Nidoqueen', 'Kanto', 90, 92, 87, NULL),
(32, 'Nidoran?(Female)', 'Kanto', 46, 57, 40, NULL),
(33, 'Nidorino', 'Kanto', 61, 72, 57, NULL),
(34, 'Nidoking', 'Kanto', 81, 102, 77, NULL),
(35, 'Clefairy', 'Kanto', 70, 45, 48, NULL),
(36, 'Clefable', 'Kanto', 95, 70, 73, NULL),
(37, 'Vulpix', 'Kanto', 38, 41, 40, NULL),
(38, 'Ninetales', 'Kanto', 73, 76, 75, NULL),
(39, 'Jigglypuff', 'Kanto', 115, 45, 20, NULL),
(40, 'Wigglytuff', 'Kanto', 140, 70, 45, NULL),
(41, 'Zubat', 'Kanto', 40, 45, 35, NULL),
(42, 'Golbat', 'Kanto', 75, 80, 70, NULL),
(43, 'Oddish', 'Kanto', 45, 50, 55, NULL),
(44, 'Gloom', 'Kanto', 60, 65, 70, NULL),
(45, 'Vileplume', 'Kanto', 75, 80, 85, NULL),
(46, 'Paras', 'Kanto', 35, 70, 55, NULL),
(47, 'Parasect', 'Kanto', 60, 95, 80, NULL),
(48, 'Venonat', 'Kanto', 60, 55, 50, NULL),
(49, 'Venomoth', 'Kanto', 70, 65, 60, NULL),
(50, 'Diglett', 'Kanto', 10, 55, 25, NULL),
(51, 'Dugtrio', 'Kanto', 35, 80, 50, NULL),
(52, 'Meowth', 'Kanto', 40, 45, 35, NULL),
(53, 'Persian', 'Kanto', 65, 70, 60, NULL),
(54, 'Psyduck', 'Kanto', 50, 52, 48, NULL),
(55, 'Golduck', 'Kanto', 80, 82, 78, NULL),
(56, 'Mankey', 'Kanto', 40, 80, 35, NULL),
(57, 'Primeape', 'Kanto', 65, 105, 60, NULL),
(58, 'Growlithe', 'Kanto', 55, 70, 45, NULL),
(59, 'Arcanine', 'Kanto', 90, 110, 80, NULL),
(60, 'Poliwag', 'Kanto', 40, 50, 40, NULL),
(61, 'Poliwhirl', 'Kanto', 65, 65, 65, NULL),
(62, 'Poliwrath', 'Kanto', 90, 95, 95, NULL),
(63, 'Abra', 'Kanto', 25, 20, 15, NULL),
(64, 'Kadabra', 'Kanto', 40, 35, 30, NULL),
(65, 'Alakazam', 'Kanto', 55, 50, 45, NULL),
(66, 'Machop', 'Kanto', 70, 80, 50, NULL),
(67, 'Machoke', 'Kanto', 80, 100, 70, NULL),
(68, 'Machamp', 'Kanto', 90, 130, 80, NULL),
(69, 'Bellsprout', 'Kanto', 50, 75, 35, NULL),
(70, 'Weepinbell', 'Kanto', 65, 90, 50, NULL),
(71, 'Victreebel', 'Kanto', 80, 105, 65, NULL),
(72, 'Tentacool', 'Kanto', 40, 40, 35, NULL),
(73, 'Tentacruel', 'Kanto', 80, 70, 65, NULL),
(74, 'Geodude', 'Kanto', 40, 80, 100, NULL),
(75, 'Graveler', 'Kanto', 55, 95, 115, NULL),
(76, 'Golem', 'Kanto', 80, 120, 130, NULL),
(77, 'Ponyta', 'Kanto', 50, 85, 55, NULL),
(78, 'Rapidash', 'Kanto', 65, 100, 70, NULL),
(79, 'Slowpoke', 'Kanto', 90, 65, 65, NULL),
(80, 'Slowbro', 'Kanto', 95, 75, 110, NULL),
(81, 'Magnemite', 'Kanto', 25, 35, 70, NULL),
(82, 'Magneton', 'Kanto', 50, 60, 95, NULL),
(83, 'Farfetch''d', 'Kanto', 52, 65, 55, NULL),
(84, 'Doduo', 'Kanto', 35, 85, 45, NULL),
(85, 'Dodrio', 'Kanto', 60, 110, 70, NULL),
(86, 'Seel', 'Kanto', 65, 45, 55, NULL),
(87, 'Dewgong', 'Kanto', 90, 70, 80, NULL),
(88, 'Grimer', 'Kanto', 80, 80, 50, NULL),
(89, 'Muk', 'Kanto', 105, 105, 75, NULL),
(90, 'Shellder', 'Kanto', 30, 65, 100, NULL),
(91, 'Cloyster', 'Kanto', 50, 95, 180, NULL),
(92, 'Gastly', 'Kanto', 30, 35, 30, NULL),
(93, 'Haunter', 'Kanto', 45, 50, 45, NULL),
(94, 'Gengar', 'Kanto', 60, 65, 60, NULL),
(95, 'Onix', 'Kanto', 35, 45, 160, NULL),
(96, 'Drowzee', 'Kanto', 60, 48, 45, NULL),
(97, 'Hypno', 'Kanto', 85, 73, 70, NULL),
(98, 'Krabby', 'Kanto', 30, 105, 90, NULL),
(99, 'Kingler', 'Kanto', 55, 130, 115, NULL),
(100, 'Voltorb', 'Kanto', 40, 30, 50, NULL),
(101, 'Electrode', 'Kanto', 60, 50, 70, NULL),
(102, 'Exeggcute', 'Kanto', 60, 40, 80, NULL),
(103, 'Exeggutor', 'Kanto', 95, 95, 85, NULL),
(104, 'Cubone', 'Kanto', 50, 50, 95, NULL),
(105, 'Marowak', 'Kanto', 60, 80, 110, NULL),
(106, 'Hitmonlee', 'Kanto', 50, 120, 53, NULL),
(107, 'Hitmonchan', 'Kanto', 50, 105, 79, NULL),
(108, 'Lickitung', 'Kanto', 90, 55, 75, NULL),
(109, 'Koffing', 'Kanto', 40, 65, 95, NULL),
(110, 'Weezing', 'Kanto', 65, 90, 120, NULL),
(111, 'Rhyhorn', 'Kanto', 80, 85, 95, NULL),
(112, 'Rhydon', 'Kanto', 105, 130, 120, NULL),
(113, 'Chansey', 'Kanto', 250, 5, 5, NULL),
(114, 'Tangela', 'Kanto', 65, 55, 115, NULL),
(115, 'Kangaskhan', 'Kanto', 105, 95, 80, NULL),
(116, 'Horsea', 'Kanto', 30, 40, 70, NULL),
(117, 'Seadra', 'Kanto', 55, 65, 95, NULL),
(118, 'Goldeen', 'Kanto', 45, 67, 60, NULL),
(119, 'Seaking', 'Kanto', 80, 92, 65, NULL),
(120, 'Staryu', 'Kanto', 30, 45, 55, NULL),
(121, 'Starmie', 'Kanto', 60, 75, 85, NULL),
(122, 'Mr. Mime', 'Kanto', 40, 45, 65, NULL),
(123, 'Scyther', 'Kanto', 70, 110, 80, NULL),
(124, 'Jynx', 'Kanto', 65, 50, 35, NULL),
(125, 'Electabuzz', 'Kanto', 65, 83, 57, NULL),
(126, 'Magmar', 'Kanto', 65, 95, 57, NULL),
(127, 'Pinsir', 'Kanto', 65, 125, 100, NULL),
(128, 'Tauros', 'Kanto', 75, 100, 95, NULL),
(129, 'Magikarp', 'Kanto', 20, 10, 55, NULL),
(130, 'Gyarados', 'Kanto', 95, 125, 79, NULL),
(131, 'Lapras', 'Kanto', 130, 85, 80, NULL),
(132, 'Ditto', 'Kanto', 48, 48, 48, NULL),
(133, 'Eevee', 'Kanto', 55, 55, 50, NULL),
(134, 'Vaporeon', 'Kanto', 130, 65, 60, NULL),
(135, 'Jolteon', 'Kanto', 65, 65, 60, NULL),
(136, 'Flareon', 'Kanto', 65, 130, 60, NULL),
(137, 'Porygon', 'Kanto', 65, 60, 70, NULL),
(138, 'Omanyte', 'Kanto', 35, 40, 100, NULL),
(139, 'Omastar', 'Kanto', 70, 60, 125, NULL),
(140, 'Kabuto', 'Kanto', 30, 80, 90, NULL),
(141, 'Kabutops', 'Kanto', 60, 115, 105, NULL),
(142, 'Aerodactyl', 'Kanto', 80, 105, 65, NULL),
(143, 'Snorlax', 'Kanto', 160, 110, 65, NULL),
(144, 'Articuno', 'Kanto', 90, 85, 100, NULL),
(145, 'Zapdos', 'Kanto', 90, 90, 85, NULL),
(146, 'Moltres', 'Kanto', 90, 100, 90, NULL),
(147, 'Dratini', 'Kanto', 41, 64, 45, NULL),
(148, 'Dragonair', 'Kanto', 61, 84, 65, NULL),
(149, 'Dragonite', 'Kanto', 91, 134, 95, NULL),
(150, 'Mewtwo', 'Kanto', 106, 110, 90, NULL),
(151, 'Mew', 'Kanto', 100, 100, 100, NULL),
(152, 'Chikorita', 'Johto', 45, 49, 65, NULL),
(153, 'Bayleef', 'Johto', 60, 62, 80, NULL),
(154, 'Meganium', 'Johto', 80, 82, 100, NULL),
(155, 'Cyndaquil', 'Johto', 39, 52, 43, NULL),
(156, 'Quilava', 'Johto', 58, 64, 58, NULL),
(157, 'Typhlosion', 'Johto', 78, 84, 78, NULL),
(158, 'Totodile', 'Johto', 50, 65, 64, NULL),
(159, 'Croconaw', 'Johto', 65, 80, 80, NULL),
(160, 'Feraligatr', 'Johto', 85, 105, 100, NULL),
(161, 'Sentret', 'Johto', 35, 46, 34, NULL),
(162, 'Furret', 'Johto', 85, 76, 64, NULL),
(163, 'Hoothoot', 'Johto', 60, 30, 30, NULL),
(164, 'Noctowl', 'Johto', 100, 50, 50, NULL),
(165, 'Ledyba', 'Johto', 40, 20, 30, NULL),
(166, 'Ledian', 'Johto', 55, 35, 50, NULL),
(167, 'Spinarak', 'Johto', 40, 60, 40, NULL),
(168, 'Ariados', 'Johto', 70, 90, 70, NULL),
(169, 'Crobat', 'Johto', 85, 90, 80, NULL),
(170, 'Chinchou', 'Johto', 75, 38, 38, NULL),
(171, 'Lanturn', 'Johto', 125, 58, 58, NULL),
(172, 'Pichu', 'Johto', 20, 40, 15, NULL),
(173, 'Cleffa', 'Johto', 50, 25, 28, NULL),
(174, 'Igglybuff', 'Johto', 90, 30, 15, NULL),
(175, 'Togepi', 'Johto', 35, 20, 65, NULL),
(176, 'Togetic', 'Johto', 55, 40, 85, NULL),
(177, 'Natu', 'Johto', 40, 50, 45, NULL),
(178, 'Xatu', 'Johto', 65, 75, 70, NULL),
(179, 'Mareep', 'Johto', 55, 40, 40, NULL),
(180, 'Flaaffy', 'Johto', 70, 55, 55, NULL),
(181, 'Ampharos', 'Johto', 90, 75, 85, NULL),
(182, 'Bellossom', 'Johto', 75, 80, 95, NULL),
(183, 'Marill', 'Johto', 70, 20, 50, NULL),
(184, 'Azumarill', 'Johto', 100, 50, 80, NULL),
(185, 'Sudowoodo', 'Johto', 70, 100, 115, NULL),
(186, 'Politoed', 'Johto', 90, 75, 75, NULL),
(187, 'Hoppip', 'Johto', 35, 35, 40, NULL),
(188, 'Skiploom', 'Johto', 55, 45, 50, NULL),
(189, 'Jumpluff', 'Johto', 75, 55, 70, NULL),
(190, 'Aipom', 'Johto', 55, 70, 55, NULL),
(191, 'Sunkern', 'Johto', 30, 30, 30, NULL),
(192, 'Sunflora', 'Johto', 75, 75, 55, NULL),
(193, 'Yanma', 'Johto', 65, 65, 45, NULL),
(194, 'Wooper', 'Johto', 55, 45, 45, NULL),
(195, 'Quagsire', 'Johto', 95, 85, 85, NULL),
(196, 'Espeon', 'Johto', 65, 65, 60, NULL),
(197, 'Umbreon', 'Johto', 95, 65, 110, NULL),
(198, 'Murkrow', 'Johto', 60, 85, 42, NULL),
(199, 'Slowking', 'Johto', 95, 75, 80, NULL),
(200, 'Misdreavus', 'Johto', 60, 60, 60, NULL),
(201, 'Unown', 'Johto', 48, 72, 48, NULL),
(202, 'Wobbuffet', 'Johto', 190, 33, 58, NULL),
(203, 'Girafarig', 'Johto', 70, 80, 65, NULL),
(204, 'Pineco', 'Johto', 50, 65, 90, NULL),
(205, 'Forretress', 'Johto', 75, 90, 140, NULL),
(206, 'Dunsparce', 'Johto', 100, 70, 70, NULL),
(207, 'Gligar', 'Johto', 65, 75, 105, NULL),
(208, 'Steelix', 'Johto', 75, 85, 200, NULL),
(209, 'Snubbull', 'Johto', 60, 80, 50, NULL),
(210, 'Granbull', 'Johto', 90, 120, 75, NULL),
(211, 'Qwilfish', 'Johto', 65, 95, 75, NULL),
(212, 'Scizor', 'Johto', 70, 130, 100, NULL),
(213, 'Shuckle', 'Johto', 20, 10, 230, NULL),
(214, 'Heracross', 'Johto', 80, 125, 75, NULL),
(215, 'Sneasel', 'Johto', 55, 95, 55, NULL),
(216, 'Teddiursa', 'Johto', 60, 80, 50, NULL),
(217, 'Ursaring', 'Johto', 90, 130, 75, NULL),
(218, 'Slugma', 'Johto', 40, 40, 40, NULL),
(219, 'Magcargo', 'Johto', 50, 50, 120, NULL),
(220, 'Swinub', 'Johto', 50, 50, 40, NULL),
(221, 'Piloswine', 'Johto', 100, 100, 80, NULL),
(222, 'Corsola', 'Johto', 55, 55, 85, NULL),
(223, 'Remoraid', 'Johto', 35, 65, 35, NULL),
(224, 'Octillery', 'Johto', 75, 105, 75, NULL),
(225, 'Delibird', 'Johto', 45, 55, 45, NULL),
(226, 'Mantine', 'Johto', 65, 40, 70, NULL),
(227, 'Skarmory', 'Johto', 65, 80, 140, NULL),
(228, 'Houndour', 'Johto', 45, 60, 30, NULL),
(229, 'Houndoom', 'Johto', 75, 90, 50, NULL),
(230, 'Kingdra', 'Johto', 75, 95, 95, NULL),
(231, 'Phanpy', 'Johto', 90, 60, 60, NULL),
(232, 'Donphan', 'Johto', 90, 120, 120, NULL),
(233, 'Porygon2', 'Johto', 85, 80, 90, NULL),
(234, 'Stantler', 'Johto', 73, 95, 62, NULL),
(235, 'Smeargle', 'Johto', 55, 20, 35, NULL),
(236, 'Tyrogue', 'Johto', 35, 35, 35, NULL),
(237, 'Hitmontop', 'Johto', 50, 95, 95, NULL),
(238, 'Smoochum', 'Johto', 45, 30, 15, NULL),
(239, 'Elekid', 'Johto', 45, 63, 37, NULL),
(240, 'Magby', 'Johto', 45, 75, 37, NULL),
(241, 'Miltank', 'Johto', 95, 80, 105, NULL),
(242, 'Blissey', 'Johto', 255, 10, 10, NULL),
(243, 'Raikou', 'Johto', 90, 85, 75, NULL),
(244, 'Entei', 'Johto', 115, 115, 85, NULL),
(245, 'Suicune', 'Johto', 100, 75, 115, NULL),
(246, 'Larvitar', 'Johto', 50, 64, 50, NULL),
(247, 'Pupitar', 'Johto', 70, 84, 70, NULL),
(248, 'Tyranitar', 'Johto', 100, 134, 110, NULL),
(249, 'Lugia', 'Johto', 106, 90, 130, NULL),
(250, 'Ho-oh', 'Johto', 106, 130, 90, NULL),
(251, 'Celebi', 'Johto', 100, 100, 100, NULL),
(252, 'Treecko', 'Hoenn', 40, 45, 35, NULL),
(253, 'Grovyle', 'Hoenn', 50, 65, 45, NULL),
(254, 'Sceptile', 'Hoenn', 70, 85, 65, NULL),
(255, 'Torchic', 'Hoenn', 45, 60, 40, NULL),
(256, 'Combusken', 'Hoenn', 60, 85, 60, NULL),
(257, 'Blaziken', 'Hoenn', 80, 120, 70, NULL),
(258, 'Mudkip', 'Hoenn', 50, 70, 50, NULL),
(259, 'Marshtomp', 'Hoenn', 70, 85, 70, NULL),
(260, 'Swampert', 'Hoenn', 100, 110, 90, NULL),
(261, 'Poochyena', 'Hoenn', 35, 55, 35, NULL),
(262, 'Mightyena', 'Hoenn', 70, 90, 70, NULL),
(263, 'Zigzagoon', 'Hoenn', 38, 30, 41, NULL),
(264, 'Linoone', 'Hoenn', 78, 70, 61, NULL),
(265, 'Wurmple', 'Hoenn', 45, 45, 35, NULL),
(266, 'Silcoon', 'Hoenn', 50, 35, 55, NULL),
(267, 'Beautifly', 'Hoenn', 60, 70, 50, NULL),
(268, 'Cascoon', 'Hoenn', 50, 35, 55, NULL),
(269, 'Dustox', 'Hoenn', 60, 50, 70, NULL),
(270, 'Lotad', 'Hoenn', 40, 30, 30, NULL),
(271, 'Lombre', 'Hoenn', 60, 50, 50, NULL),
(272, 'Ludicolo', 'Hoenn', 80, 70, 70, NULL),
(273, 'Seedot', 'Hoenn', 40, 40, 50, NULL),
(274, 'Nuzleaf', 'Hoenn', 70, 70, 40, NULL),
(275, 'Shiftry', 'Hoenn', 90, 100, 60, NULL),
(276, 'Taillow', 'Hoenn', 40, 55, 30, NULL),
(277, 'Swellow', 'Hoenn', 60, 85, 60, NULL),
(278, 'Wingull', 'Hoenn', 40, 30, 30, NULL),
(279, 'Pelipper', 'Hoenn', 60, 50, 100, NULL),
(280, 'Ralts', 'Hoenn', 28, 25, 25, NULL),
(281, 'Kirlia', 'Hoenn', 38, 35, 35, NULL),
(282, 'Gardevoir', 'Hoenn', 68, 65, 65, NULL),
(283, 'Surskit', 'Hoenn', 40, 30, 32, NULL),
(284, 'Masquerain', 'Hoenn', 70, 60, 62, NULL),
(285, 'Shroomish', 'Hoenn', 60, 40, 60, NULL),
(286, 'Breloom', 'Hoenn', 60, 130, 80, NULL),
(287, 'Slakoth', 'Hoenn', 60, 60, 60, NULL),
(288, 'Vigoroth', 'Hoenn', 80, 80, 80, NULL),
(289, 'Slaking', 'Hoenn', 150, 160, 100, NULL),
(290, 'Nincada', 'Hoenn', 31, 45, 90, NULL),
(291, 'Ninjask', 'Hoenn', 61, 90, 45, NULL),
(292, 'Shedinja', 'Hoenn', 1, 90, 45, NULL),
(293, 'Whismur', 'Hoenn', 64, 51, 23, NULL),
(294, 'Loudred', 'Hoenn', 84, 71, 43, NULL),
(295, 'Exploud', 'Hoenn', 104, 91, 63, NULL),
(296, 'Makuhita', 'Hoenn', 72, 60, 30, NULL),
(297, 'Hariyama', 'Hoenn', 144, 120, 60, NULL),
(298, 'Azurill', 'Hoenn', 50, 20, 40, NULL),
(299, 'Nosepass', 'Hoenn', 30, 45, 135, NULL),
(300, 'Skitty', 'Hoenn', 50, 45, 45, NULL),
(301, 'Delcatty', 'Hoenn', 70, 65, 65, NULL),
(302, 'Sableye', 'Hoenn', 50, 75, 75, NULL),
(303, 'Mawile', 'Hoenn', 50, 85, 85, NULL),
(304, 'Aron', 'Hoenn', 50, 70, 100, NULL),
(305, 'Lairon', 'Hoenn', 60, 90, 140, NULL),
(306, 'Aggron', 'Hoenn', 70, 110, 180, NULL),
(307, 'Meditite', 'Hoenn', 30, 40, 55, NULL),
(308, 'Medicham', 'Hoenn', 60, 60, 75, NULL),
(309, 'Electrike', 'Hoenn', 40, 45, 40, NULL),
(310, 'Manectric', 'Hoenn', 70, 75, 60, NULL),
(311, 'Plusle', 'Hoenn', 60, 50, 40, NULL),
(312, 'Minun', 'Hoenn', 60, 40, 50, NULL),
(313, 'Volbeat', 'Hoenn', 65, 73, 55, NULL),
(314, 'Illumise', 'Hoenn', 65, 47, 55, NULL),
(315, 'Roselia', 'Hoenn', 50, 60, 45, NULL),
(316, 'Gulpin', 'Hoenn', 70, 43, 53, NULL),
(317, 'Swalot', 'Hoenn', 100, 73, 83, NULL),
(318, 'Carvanha', 'Hoenn', 45, 90, 20, NULL),
(319, 'Sharpedo', 'Hoenn', 70, 120, 40, NULL),
(320, 'Wailmer', 'Hoenn', 130, 70, 35, NULL),
(321, 'Wailord', 'Hoenn', 170, 90, 45, NULL),
(322, 'Numel', 'Hoenn', 60, 60, 40, NULL),
(323, 'Camerupt', 'Hoenn', 70, 100, 70, NULL),
(324, 'Torkoal', 'Hoenn', 70, 85, 140, NULL),
(325, 'Spoink', 'Hoenn', 60, 25, 35, NULL),
(326, 'Grumpig', 'Hoenn', 80, 45, 65, NULL),
(327, 'Spinda', 'Hoenn', 60, 60, 60, NULL),
(328, 'Trapinch', 'Hoenn', 45, 100, 45, NULL),
(329, 'Vibrava', 'Hoenn', 50, 70, 50, NULL),
(330, 'Flygon', 'Hoenn', 80, 100, 80, NULL),
(331, 'Cacnea', 'Hoenn', 50, 85, 40, NULL),
(332, 'Cacturne', 'Hoenn', 70, 115, 60, NULL),
(333, 'Swablu', 'Hoenn', 45, 40, 60, NULL),
(334, 'Altaria', 'Hoenn', 75, 70, 90, NULL),
(335, 'Zangoose', 'Hoenn', 73, 115, 60, NULL),
(336, 'Seviper', 'Hoenn', 73, 100, 60, NULL),
(337, 'Lunatone', 'Hoenn', 70, 55, 65, NULL),
(338, 'Solrock', 'Hoenn', 70, 95, 85, NULL),
(339, 'Barboach', 'Hoenn', 50, 48, 43, NULL),
(340, 'Whiscash', 'Hoenn', 110, 78, 73, NULL),
(341, 'Corphish', 'Hoenn', 43, 80, 65, NULL),
(342, 'Crawdaunt', 'Hoenn', 63, 120, 85, NULL),
(343, 'Baltoy', 'Hoenn', 40, 40, 55, NULL),
(344, 'Claydol', 'Hoenn', 60, 70, 105, NULL),
(345, 'Lileep', 'Hoenn', 66, 41, 77, NULL),
(346, 'Cradily', 'Hoenn', 86, 81, 97, NULL),
(347, 'Anorith', 'Hoenn', 45, 95, 50, NULL),
(348, 'Armaldo', 'Hoenn', 75, 125, 100, NULL),
(349, 'Feebas', 'Hoenn', 20, 15, 20, NULL),
(350, 'Milotic', 'Hoenn', 95, 60, 79, NULL),
(351, 'Castform', 'Hoenn', 70, 70, 70, NULL),
(352, 'Kecleon', 'Hoenn', 60, 90, 70, NULL),
(353, 'Shuppet', 'Hoenn', 44, 75, 35, NULL),
(354, 'Banette', 'Hoenn', 64, 115, 65, NULL),
(355, 'Duskull', 'Hoenn', 20, 40, 90, NULL),
(356, 'Dusclops', 'Hoenn', 40, 70, 130, NULL),
(357, 'Tropius', 'Hoenn', 99, 68, 83, NULL),
(358, 'Chimecho', 'Hoenn', 65, 50, 70, NULL),
(359, 'Absol', 'Hoenn', 65, 130, 60, NULL),
(360, 'Wynaut', 'Hoenn', 95, 23, 48, NULL),
(361, 'Snorunt', 'Hoenn', 50, 50, 50, NULL),
(362, 'Glalie', 'Hoenn', 80, 80, 80, NULL),
(363, 'Spheal', 'Hoenn', 70, 40, 50, NULL),
(364, 'Sealeo', 'Hoenn', 90, 60, 70, NULL),
(365, 'Walrein', 'Hoenn', 110, 80, 90, NULL),
(366, 'Clamperl', 'Hoenn', 35, 64, 85, NULL),
(367, 'Huntail', 'Hoenn', 55, 104, 105, NULL),
(368, 'Gorebyss', 'Hoenn', 55, 84, 105, NULL),
(369, 'Relicanth', 'Hoenn', 100, 90, 130, NULL),
(370, 'Luvdisc', 'Hoenn', 43, 30, 55, NULL),
(371, 'Bagon', 'Hoenn', 45, 75, 60, NULL),
(372, 'Shelgon', 'Hoenn', 65, 95, 100, NULL),
(373, 'Salamence', 'Hoenn', 95, 135, 80, NULL),
(374, 'Beldum', 'Hoenn', 40, 55, 80, NULL),
(375, 'Metang', 'Hoenn', 60, 75, 100, NULL),
(376, 'Metagross', 'Hoenn', 80, 135, 130, NULL),
(377, 'Regirock', 'Hoenn', 80, 100, 200, NULL),
(378, 'Regice', 'Hoenn', 80, 50, 100, NULL),
(379, 'Registeel', 'Hoenn', 80, 75, 150, NULL),
(380, 'Latias', 'Hoenn', 80, 80, 90, NULL),
(381, 'Latios', 'Hoenn', 80, 90, 80, NULL),
(382, 'Kyogre', 'Hoenn', 100, 100, 90, NULL),
(383, 'Groudon', 'Hoenn', 100, 150, 140, NULL),
(384, 'Rayquaza', 'Hoenn', 105, 150, 90, NULL),
(385, 'Jirachi', 'Hoenn', 100, 100, 100, NULL),
(386, 'Turtwig', 'Sinnoh', 55, 68, 64, NULL),
(387, 'Grotle', 'Sinnoh', 75, 89, 85, NULL),
(388, 'Torterra', 'Sinnoh', 95, 109, 105, NULL),
(389, 'Chimchar', 'Sinnoh', 44, 58, 44, NULL),
(390, 'Monferno', 'Sinnoh', 64, 78, 52, NULL),
(391, 'Infernape', 'Sinnoh', 76, 104, 71, NULL),
(392, 'Piplup', 'Sinnoh', 53, 51, 53, NULL),
(393, 'Prinplup', 'Sinnoh', 64, 66, 68, NULL),
(394, 'Empoleon', 'Sinnoh', 84, 86, 88, NULL),
(395, 'Starly', 'Sinnoh', 40, 55, 30, NULL),
(396, 'Staravia', 'Sinnoh', 55, 75, 50, NULL),
(397, 'Staraptor', 'Sinnoh', 85, 120, 70, NULL),
(398, 'Bidoof', 'Sinnoh', 59, 45, 40, NULL),
(399, 'Bibarel', 'Sinnoh', 79, 85, 60, NULL),
(400, 'Kricketot', 'Sinnoh', 37, 25, 41, NULL),
(401, 'Kricketune', 'Sinnoh', 77, 85, 51, NULL),
(402, 'Shinx', 'Sinnoh', 45, 65, 34, NULL),
(403, 'Luxio', 'Sinnoh', 60, 85, 49, NULL),
(404, 'Luxray', 'Sinnoh', 80, 120, 79, NULL),
(405, 'Budew', 'Sinnoh', 40, 30, 35, NULL),
(406, 'Roserade', 'Sinnoh', 60, 70, 65, NULL),
(407, 'Cranidos', 'Sinnoh', 67, 125, 40, NULL),
(408, 'Rampardos', 'Sinnoh', 97, 165, 60, NULL),
(409, 'Shieldon', 'Sinnoh', 30, 42, 118, NULL),
(410, 'Bastiodon', 'Sinnoh', 60, 52, 168, NULL),
(411, 'Burmy', 'Sinnoh', 40, 29, 45, NULL),
(412, 'Mothim', 'Sinnoh', 70, 94, 50, NULL),
(413, 'Combee', 'Sinnoh', 30, 30, 42, NULL),
(414, 'Vespiquen', 'Sinnoh', 70, 80, 102, NULL),
(415, 'Pachirisu', 'Sinnoh', 60, 45, 70, NULL),
(416, 'Buizel', 'Sinnoh', 55, 65, 35, NULL),
(417, 'Floatzel', 'Sinnoh', 85, 105, 55, NULL),
(418, 'Cherubi', 'Sinnoh', 45, 35, 45, NULL),
(419, 'Cherrim', 'Sinnoh', 70, 60, 70, NULL),
(420, 'Shellos', 'Sinnoh', 76, 48, 48, NULL),
(421, 'Gastrodon', 'Sinnoh', 111, 83, 68, NULL),
(422, 'Ambipom', 'Sinnoh', 75, 100, 66, NULL),
(423, 'Drifloon', 'Sinnoh', 90, 50, 34, NULL),
(424, 'Drifblim', 'Sinnoh', 150, 80, 44, NULL),
(425, 'Buneary', 'Sinnoh', 55, 66, 44, NULL),
(426, 'Lopunny', 'Sinnoh', 65, 76, 84, NULL),
(427, 'Mismagius', 'Sinnoh', 60, 60, 60, NULL),
(428, 'Honchkrow', 'Sinnoh', 100, 125, 52, NULL),
(429, 'Glameow', 'Sinnoh', 49, 55, 42, NULL),
(430, 'Purugly', 'Sinnoh', 71, 82, 64, NULL),
(431, 'Chingling', 'Sinnoh', 45, 30, 50, NULL),
(432, 'Stunky', 'Sinnoh', 63, 63, 47, NULL),
(433, 'Skuntank', 'Sinnoh', 103, 93, 67, NULL),
(434, 'Bronzor', 'Sinnoh', 57, 24, 86, NULL),
(435, 'Bronzong', 'Sinnoh', 67, 89, 116, NULL),
(436, 'Bonsly', 'Sinnoh', 50, 80, 95, NULL),
(437, 'Mime Jr.', 'Sinnoh', 20, 25, 45, NULL),
(438, 'Happiny', 'Sinnoh', 100, 5, 5, NULL),
(439, 'Chatot', 'Sinnoh', 76, 65, 45, NULL),
(440, 'Spiritomb', 'Sinnoh', 50, 92, 108, NULL),
(441, 'Gible', 'Sinnoh', 58, 70, 45, NULL),
(442, 'Gabite', 'Sinnoh', 68, 90, 65, NULL),
(443, 'Garchomp', 'Sinnoh', 108, 130, 95, NULL),
(444, 'Munchlax', 'Sinnoh', 135, 85, 40, NULL),
(445, 'Riolu', 'Sinnoh', 40, 70, 40, NULL),
(446, 'Lucario', 'Sinnoh', 70, 110, 70, NULL),
(447, 'Hippopotas', 'Sinnoh', 68, 72, 78, NULL),
(448, 'Hippowdon', 'Sinnoh', 108, 112, 118, NULL),
(449, 'Skorupi', 'Sinnoh', 40, 50, 90, NULL),
(450, 'Drapion', 'Sinnoh', 70, 90, 110, NULL),
(451, 'Croagunk', 'Sinnoh', 48, 61, 40, NULL),
(452, 'Toxicroak', 'Sinnoh', 83, 106, 65, NULL),
(453, 'Carnivine', 'Sinnoh', 74, 100, 72, NULL),
(454, 'Finneon', 'Sinnoh', 49, 49, 56, NULL),
(455, 'Lumineon', 'Sinnoh', 69, 69, 76, NULL),
(456, 'Mantyke', 'Sinnoh', 45, 20, 50, NULL),
(457, 'Snover', 'Sinnoh', 60, 62, 50, NULL),
(458, 'Abomasnow', 'Sinnoh', 90, 92, 75, NULL),
(459, 'Weavile', 'Sinnoh', 70, 120, 65, NULL),
(460, 'Magnezone', 'Sinnoh', 70, 70, 115, NULL),
(461, 'Lickilicky', 'Sinnoh', 110, 85, 95, NULL),
(462, 'Rhyperior', 'Sinnoh', 115, 140, 130, NULL),
(463, 'Tangrowth', 'Sinnoh', 100, 100, 125, NULL),
(464, 'Electivire', 'Sinnoh', 75, 123, 67, NULL),
(465, 'Magmortar', 'Sinnoh', 75, 95, 67, NULL),
(466, 'Togekiss', 'Sinnoh', 85, 50, 95, NULL),
(467, 'Yanmega', 'Sinnoh', 86, 76, 86, NULL),
(468, 'Leafeon', 'Sinnoh', 65, 110, 130, NULL),
(469, 'Glaceon', 'Sinnoh', 65, 60, 110, NULL),
(470, 'Gliscor', 'Sinnoh', 75, 95, 125, NULL),
(471, 'Mamoswine', 'Sinnoh', 110, 130, 80, NULL),
(472, 'Porygon-Z', 'Sinnoh', 85, 80, 70, NULL),
(473, 'Gallade', 'Sinnoh', 68, 125, 65, NULL),
(474, 'Probopass', 'Sinnoh', 60, 55, 145, NULL),
(475, 'Dusknoir', 'Sinnoh', 45, 100, 135, NULL),
(476, 'Froslass', 'Sinnoh', 70, 80, 70, NULL),
(477, 'Rotom', 'Sinnoh', 50, 50, 77, NULL),
(478, 'Uxie', 'Sinnoh', 75, 75, 130, NULL),
(479, 'Mesprit', 'Sinnoh', 80, 105, 105, NULL),
(480, 'Azelf', 'Sinnoh', 75, 125, 70, NULL),
(481, 'Dialga', 'Sinnoh', 100, 120, 120, NULL),
(482, 'Palkia', 'Sinnoh', 90, 120, 100, NULL),
(483, 'Heatran', 'Sinnoh', 91, 90, 106, NULL),
(484, 'Regigigas', 'Sinnoh', 110, 160, 110, NULL),
(485, 'Cresselia', 'Sinnoh', 120, 70, 120, NULL),
(486, 'Phione', 'Sinnoh', 80, 80, 80, NULL),
(487, 'Manaphy', 'Sinnoh', 100, 100, 100, NULL),
(488, 'Darkrai', 'Sinnoh', 70, 90, 90, NULL),
(489, 'Arceus', 'Sinnoh', 120, 120, 120, NULL),
(490, 'Victini', 'Unova', 100, 100, 100, NULL),
(491, 'Snivy', 'Unova', 45, 45, 55, NULL),
(492, 'Servine', 'Unova', 60, 60, 75, NULL),
(493, 'Serperior', 'Unova', 75, 75, 95, NULL),
(494, 'Tepig', 'Unova', 65, 63, 45, NULL),
(495, 'Pignite', 'Unova', 90, 93, 55, NULL),
(496, 'Emboar', 'Unova', 110, 123, 65, NULL),
(497, 'Oshawott', 'Unova', 55, 55, 45, NULL),
(498, 'Dewott', 'Unova', 75, 75, 60, NULL),
(499, 'Samurott', 'Unova', 95, 100, 85, NULL),
(500, 'Patrat', 'Unova', 45, 55, 39, NULL),
(501, 'Watchog', 'Unova', 60, 85, 69, NULL),
(502, 'Lillipup', 'Unova', 45, 60, 45, NULL),
(503, 'Herdier', 'Unova', 65, 80, 65, NULL),
(504, 'Stoutland', 'Unova', 85, 110, 90, NULL),
(505, 'Purrloin', 'Unova', 41, 50, 37, NULL),
(506, 'Liepard', 'Unova', 64, 88, 50, NULL),
(507, 'Pansage', 'Unova', 50, 53, 48, NULL),
(508, 'Simisage', 'Unova', 75, 98, 63, NULL),
(509, 'Pansear', 'Unova', 50, 53, 48, NULL),
(510, 'Simisear', 'Unova', 75, 98, 63, NULL),
(511, 'Panpour', 'Unova', 50, 53, 48, NULL),
(512, 'Simipour', 'Unova', 75, 98, 63, NULL),
(513, 'Munna', 'Unova', 76, 25, 45, NULL),
(514, 'Musharna', 'Unova', 116, 55, 85, NULL),
(515, 'Pidove', 'Unova', 50, 55, 50, NULL),
(516, 'Tranquill', 'Unova', 62, 77, 62, NULL),
(517, 'Unfezant', 'Unova', 80, 115, 80, NULL),
(518, 'Blitzle', 'Unova', 45, 60, 32, NULL),
(519, 'Zebstrika', 'Unova', 75, 100, 63, NULL),
(520, 'Roggenrola', 'Unova', 55, 75, 85, NULL),
(521, 'Boldore', 'Unova', 70, 105, 105, NULL),
(522, 'Gigalith', 'Unova', 85, 135, 130, NULL),
(523, 'Woobat', 'Unova', 55, 45, 43, NULL),
(524, 'Swoobat', 'Unova', 67, 57, 55, NULL),
(525, 'Drilbur', 'Unova', 60, 85, 40, NULL),
(526, 'Excadrill', 'Unova', 110, 135, 60, NULL),
(527, 'Audino', 'Unova', 103, 60, 86, NULL),
(528, 'Timburr', 'Unova', 75, 80, 55, NULL),
(529, 'Gurdurr', 'Unova', 85, 105, 85, NULL),
(530, 'Conkeldurr', 'Unova', 105, 140, 95, NULL),
(531, 'Tympole', 'Unova', 50, 50, 40, NULL),
(532, 'Palpitoad', 'Unova', 75, 65, 55, NULL),
(533, 'Seismitoad', 'Unova', 105, 95, 75, NULL),
(534, 'Throh', 'Unova', 120, 100, 85, NULL),
(535, 'Sawk', 'Unova', 75, 125, 75, NULL),
(536, 'Sewaddle', 'Unova', 45, 53, 70, NULL),
(537, 'Swadloon', 'Unova', 55, 63, 90, NULL),
(538, 'Leavanny', 'Unova', 75, 103, 80, NULL),
(539, 'Venipede', 'Unova', 30, 45, 59, NULL),
(540, 'Whirlipede', 'Unova', 40, 55, 99, NULL),
(541, 'Scolipede', 'Unova', 60, 100, 89, NULL),
(542, 'Cottonee', 'Unova', 40, 27, 60, NULL),
(543, 'Whimsicott', 'Unova', 60, 67, 85, NULL),
(544, 'Petilil', 'Unova', 45, 35, 50, NULL),
(545, 'Lilligant', 'Unova', 70, 60, 75, NULL),
(546, 'Basculin', 'Unova', 70, 92, 65, NULL),
(547, 'Sandile', 'Unova', 50, 72, 35, NULL),
(548, 'Krokorok', 'Unova', 60, 82, 45, NULL),
(549, 'Krookodile', 'Unova', 95, 117, 80, NULL),
(550, 'Darumaka', 'Unova', 70, 90, 45, NULL),
(551, 'Maractus', 'Unova', 75, 86, 67, NULL),
(552, 'Dwebble', 'Unova', 50, 65, 85, NULL),
(553, 'Crustle', 'Unova', 70, 95, 125, NULL),
(554, 'Scraggy', 'Unova', 50, 75, 70, NULL),
(555, 'Scrafty', 'Unova', 65, 90, 115, NULL),
(556, 'Sigilyph', 'Unova', 72, 58, 80, NULL),
(557, 'Yamask', 'Unova', 38, 30, 85, NULL),
(558, 'Cofagrigus', 'Unova', 58, 50, 145, NULL),
(559, 'Tirtouga', 'Unova', 54, 78, 103, NULL),
(560, 'Carracosta', 'Unova', 74, 108, 133, NULL),
(561, 'Archen', 'Unova', 55, 112, 45, NULL),
(562, 'Archeops', 'Unova', 75, 140, 65, NULL),
(563, 'Trubbish', 'Unova', 50, 50, 62, NULL),
(564, 'Garbodor', 'Unova', 80, 95, 82, NULL),
(565, 'Zorua', 'Unova', 40, 65, 40, NULL),
(566, 'Zoroark', 'Unova', 60, 105, 60, NULL),
(567, 'Minccino', 'Unova', 55, 50, 40, NULL),
(568, 'Cinccino', 'Unova', 75, 95, 60, NULL),
(569, 'Gothita', 'Unova', 45, 30, 50, NULL),
(570, 'Gothorita', 'Unova', 60, 45, 70, NULL),
(571, 'Gothitelle', 'Unova', 70, 55, 95, NULL),
(572, 'Solosis', 'Unova', 45, 30, 40, NULL),
(573, 'Duosion', 'Unova', 65, 40, 50, NULL),
(574, 'Reuniclus', 'Unova', 110, 65, 75, NULL),
(575, 'Ducklett', 'Unova', 62, 44, 50, NULL),
(576, 'Swanna', 'Unova', 75, 87, 63, NULL),
(577, 'Vanillite', 'Unova', 36, 50, 50, NULL),
(578, 'Vanillish', 'Unova', 51, 65, 65, NULL),
(579, 'Vanilluxe', 'Unova', 71, 95, 85, NULL),
(580, 'Deerling', 'Unova', 60, 60, 50, NULL),
(581, 'Sawsbuck', 'Unova', 80, 100, 70, NULL),
(582, 'Emolga', 'Unova', 55, 75, 60, NULL),
(583, 'Karrablast', 'Unova', 50, 75, 45, NULL),
(584, 'Escavalier', 'Unova', 70, 135, 105, NULL),
(585, 'Foongus', 'Unova', 69, 55, 45, NULL),
(586, 'Amoonguss', 'Unova', 114, 85, 70, NULL),
(587, 'Frillish', 'Unova', 55, 40, 50, NULL),
(588, 'Jellicent', 'Unova', 100, 60, 70, NULL),
(589, 'Alomomola', 'Unova', 165, 75, 80, NULL),
(590, 'Joltik', 'Unova', 50, 47, 50, NULL),
(591, 'Galvantula', 'Unova', 70, 77, 60, NULL),
(592, 'Ferroseed', 'Unova', 44, 50, 91, NULL),
(593, 'Ferrothorn', 'Unova', 74, 94, 131, NULL),
(594, 'Klink', 'Unova', 40, 55, 70, NULL),
(595, 'Klang', 'Unova', 60, 80, 95, NULL),
(596, 'Klinklang', 'Unova', 60, 100, 115, NULL),
(597, 'Tynamo', 'Unova', 35, 55, 40, NULL),
(598, 'Eelektrik', 'Unova', 65, 85, 70, NULL),
(599, 'Eelektross', 'Unova', 85, 115, 80, NULL),
(600, 'Elgyem', 'Unova', 55, 55, 55, NULL),
(601, 'Beheeyem', 'Unova', 75, 75, 75, NULL),
(602, 'Litwick', 'Unova', 50, 30, 55, NULL),
(603, 'Lampent', 'Unova', 60, 40, 60, NULL),
(604, 'Chandelure', 'Unova', 60, 55, 90, NULL),
(605, 'Axew', 'Unova', 46, 87, 60, NULL),
(606, 'Fraxure', 'Unova', 66, 117, 70, NULL),
(607, 'Haxorus', 'Unova', 76, 147, 90, NULL),
(608, 'Cubchoo', 'Unova', 55, 70, 40, NULL),
(609, 'Beartic', 'Unova', 95, 110, 80, NULL),
(610, 'Cryogonal', 'Unova', 70, 50, 30, NULL),
(611, 'Shelmet', 'Unova', 50, 40, 85, NULL),
(612, 'Accelgor', 'Unova', 80, 70, 40, NULL),
(613, 'Stunfisk', 'Unova', 109, 66, 84, NULL),
(614, 'Mienfoo', 'Unova', 45, 85, 50, NULL),
(615, 'Mienshao', 'Unova', 65, 125, 60, NULL),
(616, 'Druddigon', 'Unova', 77, 120, 90, NULL),
(617, 'Golett', 'Unova', 59, 74, 50, NULL),
(618, 'Golurk', 'Unova', 89, 124, 80, NULL),
(619, 'Pawniard', 'Unova', 45, 85, 70, NULL),
(620, 'Bisharp', 'Unova', 65, 125, 100, NULL),
(621, 'Bouffalant', 'Unova', 95, 110, 95, NULL),
(622, 'Rufflet', 'Unova', 70, 83, 50, NULL),
(623, 'Braviary', 'Unova', 100, 123, 75, NULL),
(624, 'Vullaby', 'Unova', 70, 55, 75, NULL),
(625, 'Mandibuzz', 'Unova', 110, 65, 105, NULL),
(626, 'Heatmor', 'Unova', 85, 97, 66, NULL),
(627, 'Durant', 'Unova', 58, 109, 112, NULL),
(628, 'Deino', 'Unova', 52, 65, 50, NULL),
(629, 'Zweilous', 'Unova', 72, 85, 70, NULL),
(630, 'Hydreigon', 'Unova', 92, 105, 90, NULL),
(631, 'Larvesta', 'Unova', 55, 85, 55, NULL),
(632, 'Volcarona', 'Unova', 85, 60, 65, NULL),
(633, 'Cobalion', 'Unova', 91, 90, 129, NULL),
(634, 'Terrakion', 'Unova', 91, 129, 90, NULL),
(635, 'Virizion', 'Unova', 91, 90, 72, NULL),
(636, 'Reshiram', 'Unova', 100, 120, 100, NULL),
(637, 'Zekrom', 'Unova', 100, 150, 120, NULL),
(638, 'Kyurem', 'Unova', 125, 130, 90, NULL),
(639, 'Genesect', 'Unova', 71, 120, 95, NULL),
(640, 'Chespin', 'Kalos', 56, 61, 65, NULL),
(641, 'Quilladin', 'Kalos', 61, 78, 95, NULL),
(642, 'Chesnaught', 'Kalos', 88, 107, 122, NULL),
(643, 'Fennekin', 'Kalos', 40, 45, 40, NULL),
(644, 'Braixen', 'Kalos', 59, 59, 58, NULL),
(645, 'Delphox', 'Kalos', 75, 69, 72, NULL),
(646, 'Froakie', 'Kalos', 41, 56, 40, NULL),
(647, 'Frogadier', 'Kalos', 54, 63, 52, NULL),
(648, 'Greninja', 'Kalos', 72, 95, 67, NULL),
(649, 'Bunnelby', 'Kalos', 38, 36, 38, NULL),
(650, 'Diggersby', 'Kalos', 85, 56, 77, NULL),
(651, 'Fletchling', 'Kalos', 45, 50, 43, NULL),
(652, 'Fletchinder', 'Kalos', 62, 73, 55, NULL),
(653, 'Talonflame', 'Kalos', 78, 81, 71, NULL),
(654, 'Scatterbug', 'Kalos', 38, 35, 40, NULL),
(655, 'Spewpa', 'Kalos', 45, 22, 60, NULL),
(656, 'Vivillon', 'Kalos', 80, 52, 50, NULL),
(657, 'Litleo', 'Kalos', 62, 50, 58, NULL),
(658, 'Pyroar', 'Kalos', 86, 68, 72, NULL),
(659, 'Flabébé', 'Kalos', 44, 38, 39, NULL),
(660, 'Floette', 'Kalos', 54, 45, 47, NULL),
(661, 'Florges', 'Kalos', 78, 65, 68, NULL),
(662, 'Skiddo', 'Kalos', 66, 65, 48, NULL),
(663, 'Gogoat', 'Kalos', 123, 100, 62, NULL),
(664, 'Pancham', 'Kalos', 67, 82, 62, NULL),
(665, 'Pangoro', 'Kalos', 95, 124, 78, NULL),
(666, 'Furfrou', 'Kalos', 75, 80, 60, NULL),
(667, 'Espurr', 'Kalos', 62, 48, 54, NULL),
(668, 'Honedge', 'Kalos', 45, 80, 100, NULL),
(669, 'Doublade', 'Kalos', 59, 110, 150, NULL),
(670, 'Spritzee', 'Kalos', 78, 52, 60, NULL),
(671, 'Aromatisse', 'Kalos', 101, 72, 72, NULL),
(672, 'Swirlix', 'Kalos', 62, 48, 66, NULL),
(673, 'Slurpuff', 'Kalos', 82, 80, 86, NULL),
(674, 'Inkay', 'Kalos', 53, 54, 53, NULL),
(675, 'Malamar', 'Kalos', 86, 92, 88, NULL),
(676, 'Binacle', 'Kalos', 42, 52, 67, NULL),
(677, 'Barbaracle', 'Kalos', 72, 105, 115, NULL),
(678, 'Skrelp', 'Kalos', 50, 60, 60, NULL),
(679, 'Dragalge', 'Kalos', 65, 75, 90, NULL),
(680, 'Clauncher', 'Kalos', 50, 53, 62, NULL),
(681, 'Clawitzer', 'Kalos', 71, 73, 88, NULL),
(682, 'Helioptile', 'Kalos', 44, 38, 33, NULL),
(683, 'Heliolisk', 'Kalos', 62, 55, 52, NULL),
(684, 'Tyrunt', 'Kalos', 58, 89, 77, NULL),
(685, 'Tyrantrum', 'Kalos', 82, 121, 119, NULL),
(686, 'Amaura', 'Kalos', 77, 59, 50, NULL),
(687, 'Aurorus', 'Kalos', 123, 77, 72, NULL),
(688, 'Sylveon', 'Kalos', 95, 65, 65, NULL),
(689, 'Hawlucha', 'Kalos', 78, 92, 75, NULL),
(690, 'Dedenne', 'Kalos', 67, 58, 57, NULL),
(691, 'Carbink', 'Kalos', 50, 50, 150, NULL),
(692, 'Goomy', 'Kalos', 45, 50, 35, NULL),
(693, 'Sliggoo', 'Kalos', 68, 75, 53, NULL),
(694, 'Goodra', 'Kalos', 90, 100, 70, NULL),
(695, 'Klefki', 'Kalos', 57, 80, 91, NULL),
(696, 'Phantump', 'Kalos', 43, 70, 48, NULL),
(697, 'Trevenant', 'Kalos', 85, 110, 76, NULL),
(698, 'Bergmite', 'Kalos', 55, 69, 85, NULL),
(699, 'Avalugg', 'Kalos', 95, 117, 184, NULL),
(700, 'Noibat', 'Kalos', 40, 30, 35, NULL),
(701, 'Noivern', 'Kalos', 85, 70, 80, NULL),
(702, 'Xerneas', 'Kalos', 126, 131, 95, NULL),
(703, 'Yveltal', 'Kalos', 126, 131, 95, NULL),
(704, 'Diancie', 'Kalos', 50, 100, 150, NULL),
(705, 'Volcanion', 'Kalos', 80, 110, 120, NULL);

-- --------------------------------------------------------

--
-- Tablo için tablo yapısı `pokémonimg`
--

CREATE TABLE IF NOT EXISTS `pokémonimg` (
  `pName` varchar(100) NOT NULL,
  `image` varchar(100) DEFAULT NULL,
  PRIMARY KEY (`pName`)
) ENGINE=InnoDB DEFAULT CHARSET=latin1;

--
-- Tablo döküm verisi `pokémonimg`
--

INSERT INTO `pokémonimg` (`pName`, `image`) VALUES
('Abomasnow', 'http://img.pokemondb.net/artwork/abomasnow.jpg'),
('Abra', 'http://img.pokemondb.net/artwork/abra.jpg'),
('Absol', 'http://img.pokemondb.net/artwork/absol.jpg'),
('Accelgor', 'http://img.pokemondb.net/artwork/accelgor.jpg'),
('Aerodactyl', 'http://img.pokemondb.net/artwork/aerodactyl.jpg'),
('Aggron', 'http://img.pokemondb.net/artwork/aggron.jpg'),
('Aipom', 'http://img.pokemondb.net/artwork/aipom.jpg'),
('Alakazam', 'http://img.pokemondb.net/artwork/alakazam.jpg'),
('Alomomola', 'http://img.pokemondb.net/artwork/alomomola.jpg'),
('Altaria', 'http://img.pokemondb.net/artwork/altaria.jpg'),
('Amaura', 'http://img.pokemondb.net/artwork/amaura.jpg'),
('Ambipom', 'http://img.pokemondb.net/artwork/ambipom.jpg'),
('Amoonguss', 'http://img.pokemondb.net/artwork/amoonguss.jpg'),
('Ampharos', 'http://img.pokemondb.net/artwork/ampharos.jpg'),
('Anorith', 'http://img.pokemondb.net/artwork/anorith.jpg'),
('Arbok', 'http://img.pokemondb.net/artwork/arbok.jpg'),
('Arcanine', 'http://img.pokemondb.net/artwork/arcanine.jpg'),
('Arceus', 'http://img.pokemondb.net/artwork/arceus.jpg'),
('Archen', 'http://img.pokemondb.net/artwork/archen.jpg'),
('Archeops', 'http://img.pokemondb.net/artwork/archeops.jpg'),
('Ariados', 'http://img.pokemondb.net/artwork/ariados.jpg'),
('Armaldo', 'http://img.pokemondb.net/artwork/armaldo.jpg'),
('Aromatisse', 'http://img.pokemondb.net/artwork/aromatisse.jpg'),
('Aron', 'http://img.pokemondb.net/artwork/aron.jpg'),
('Articuno', 'http://img.pokemondb.net/artwork/articuno.jpg'),
('Audino', 'http://img.pokemondb.net/artwork/audino.jpg'),
('Aurorus', 'http://img.pokemondb.net/artwork/aurorus.jpg'),
('Avalugg', 'http://img.pokemondb.net/artwork/avalugg.jpg'),
('Axew', 'http://img.pokemondb.net/artwork/axew.jpg'),
('Azelf', 'http://img.pokemondb.net/artwork/azelf.jpg'),
('Azumarill', 'http://img.pokemondb.net/artwork/azumarill.jpg'),
('Azurill', 'http://img.pokemondb.net/artwork/azurill.jpg'),
('Bagon', 'http://img.pokemondb.net/artwork/bagon.jpg'),
('Baltoy', 'http://img.pokemondb.net/artwork/baltoy.jpg'),
('Banette', 'http://img.pokemondb.net/artwork/banette.jpg'),
('Barbaracle', 'http://img.pokemondb.net/artwork/barbaracle.jpg'),
('Barboach', 'http://img.pokemondb.net/artwork/barboach.jpg'),
('Basculin', 'http://img.pokemondb.net/artwork/basculin.jpg'),
('Bastiodon', 'http://img.pokemondb.net/artwork/bastiodon.jpg'),
('Bayleef', 'http://img.pokemondb.net/artwork/bayleef.jpg'),
('Beartic', 'http://img.pokemondb.net/artwork/beartic.jpg'),
('Beautifly', 'http://img.pokemondb.net/artwork/beautifly.jpg'),
('Beedrill', 'http://img.pokemondb.net/artwork/beedrill.jpg'),
('Beheeyem', 'http://img.pokemondb.net/artwork/beheeyem.jpg'),
('Beldum', 'http://img.pokemondb.net/artwork/beldum.jpg'),
('Bellossom', 'http://img.pokemondb.net/artwork/bellossom.jpg'),
('Bellsprout', 'http://img.pokemondb.net/artwork/bellsprout.jpg'),
('Bergmite', 'http://img.pokemondb.net/artwork/bergmite.jpg'),
('Bibarel', 'http://img.pokemondb.net/artwork/bibarel.jpg'),
('Bidoof', 'http://img.pokemondb.net/artwork/bidoof.jpg'),
('Binacle', 'http://img.pokemondb.net/artwork/binacle.jpg'),
('Bisharp', 'http://img.pokemondb.net/artwork/bisharp.jpg'),
('Blastoise', 'http://img.pokemondb.net/artwork/blastoise.jpg'),
('Blaziken', 'http://img.pokemondb.net/artwork/blaziken.jpg'),
('Blissey', 'http://img.pokemondb.net/artwork/blissey.jpg'),
('Blitzle', 'http://img.pokemondb.net/artwork/blitzle.jpg'),
('Boldore', 'http://img.pokemondb.net/artwork/boldore.jpg'),
('Bonsly', 'http://img.pokemondb.net/artwork/bonsly.jpg'),
('Bouffalant', 'http://img.pokemondb.net/artwork/bouffalant.jpg'),
('Braixen', 'http://img.pokemondb.net/artwork/braixen.jpg'),
('Braviary', 'http://img.pokemondb.net/artwork/braviary.jpg'),
('Breloom', 'http://img.pokemondb.net/artwork/breloom.jpg'),
('Bronzong', 'http://img.pokemondb.net/artwork/bronzong.jpg'),
('Bronzor', 'http://img.pokemondb.net/artwork/bronzor.jpg'),
('Budew', 'http://img.pokemondb.net/artwork/budew.jpg'),
('Buizel', 'http://img.pokemondb.net/artwork/buizel.jpg'),
('Bulbasaur', 'http://img.pokemondb.net/artwork/bulbasaur.jpg'),
('Buneary', 'http://img.pokemondb.net/artwork/buneary.jpg'),
('Bunnelby', 'http://img.pokemondb.net/artwork/bunnelby.jpg'),
('Burmy', 'http://img.pokemondb.net/artwork/burmy.jpg'),
('Butterfree', 'http://img.pokemondb.net/artwork/butterfree.jpg'),
('Cacnea', 'http://img.pokemondb.net/artwork/cacnea.jpg'),
('Cacturne', 'http://img.pokemondb.net/artwork/cacturne.jpg'),
('Camerupt', 'http://img.pokemondb.net/artwork/camerupt.jpg'),
('Carbink', 'http://img.pokemondb.net/artwork/carbink.jpg'),
('Carnivine', 'http://img.pokemondb.net/artwork/carnivine.jpg'),
('Carracosta', 'http://img.pokemondb.net/artwork/carracosta.jpg'),
('Carvanha', 'http://img.pokemondb.net/artwork/carvanha.jpg'),
('Cascoon', 'http://img.pokemondb.net/artwork/cascoon.jpg'),
('Castform', 'http://img.pokemondb.net/artwork/castform.jpg'),
('Caterpie', 'http://img.pokemondb.net/artwork/caterpie.jpg'),
('Celebi', 'http://img.pokemondb.net/artwork/celebi.jpg'),
('Chandelure', 'http://img.pokemondb.net/artwork/chandelure.jpg'),
('Chansey', 'http://img.pokemondb.net/artwork/chansey.jpg'),
('Charizard', 'http://img.pokemondb.net/artwork/charizard.jpg'),
('Charmander', 'http://img.pokemondb.net/artwork/charmander.jpg'),
('Charmeleon', 'http://img.pokemondb.net/artwork/charmeleon.jpg'),
('Chatot', 'http://img.pokemondb.net/artwork/chatot.jpg'),
('Cherrim', 'http://img.pokemondb.net/artwork/cherrim.jpg'),
('Cherubi', 'http://img.pokemondb.net/artwork/cherubi.jpg'),
('Chesnaught', 'http://img.pokemondb.net/artwork/chesnaught.jpg'),
('Chespin', 'http://img.pokemondb.net/artwork/chespin.jpg'),
('Chikorita', 'http://img.pokemondb.net/artwork/chikorita.jpg'),
('Chimchar', 'http://img.pokemondb.net/artwork/chimchar.jpg'),
('Chimecho', 'http://img.pokemondb.net/artwork/chimecho.jpg'),
('Chinchou', 'http://img.pokemondb.net/artwork/chinchou.jpg'),
('Chingling', 'http://img.pokemondb.net/artwork/chingling.jpg'),
('Cinccino', 'http://img.pokemondb.net/artwork/cinccino.jpg'),
('Clamperl', 'http://img.pokemondb.net/artwork/clamperl.jpg'),
('Clauncher', 'http://img.pokemondb.net/artwork/clauncher.jpg'),
('Clawitzer', 'http://img.pokemondb.net/artwork/clawitzer.jpg'),
('Claydol', 'http://img.pokemondb.net/artwork/claydol.jpg'),
('Clefable', 'http://img.pokemondb.net/artwork/clefable.jpg'),
('Clefairy', 'http://img.pokemondb.net/artwork/clefairy.jpg'),
('Cleffa', 'http://img.pokemondb.net/artwork/cleffa.jpg'),
('Cloyster', 'http://img.pokemondb.net/artwork/cloyster.jpg'),
('Cobalion', 'http://img.pokemondb.net/artwork/cobalion.jpg'),
('Cofagrigus', 'http://img.pokemondb.net/artwork/cofagrigus.jpg'),
('Combee', 'http://img.pokemondb.net/artwork/combee.jpg'),
('Combusken', 'http://img.pokemondb.net/artwork/combusken.jpg'),
('Conkeldurr', 'http://img.pokemondb.net/artwork/conkeldurr.jpg'),
('Corphish', 'http://img.pokemondb.net/artwork/corphish.jpg'),
('Corsola', 'http://img.pokemondb.net/artwork/corsola.jpg'),
('Cottonee', 'http://img.pokemondb.net/artwork/cottonee.jpg'),
('Cradily', 'http://img.pokemondb.net/artwork/cradily.jpg'),
('Cranidos', 'http://img.pokemondb.net/artwork/cranidos.jpg'),
('Crawdaunt', 'http://img.pokemondb.net/artwork/crawdaunt.jpg'),
('Cresselia', 'http://img.pokemondb.net/artwork/cresselia.jpg'),
('Croagunk', 'http://img.pokemondb.net/artwork/croagunk.jpg'),
('Crobat', 'http://img.pokemondb.net/artwork/crobat.jpg'),
('Croconaw', 'http://img.pokemondb.net/artwork/croconaw.jpg'),
('Crustle', 'http://img.pokemondb.net/artwork/crustle.jpg'),
('Cryogonal', 'http://img.pokemondb.net/artwork/cryogonal.jpg'),
('Cubchoo', 'http://img.pokemondb.net/artwork/cubchoo.jpg'),
('Cubone', 'http://img.pokemondb.net/artwork/cubone.jpg'),
('Cyndaquil', 'http://img.pokemondb.net/artwork/cyndaquil.jpg'),
('Darkrai', 'http://img.pokemondb.net/artwork/darkrai.jpg'),
('Darumaka', 'http://img.pokemondb.net/artwork/darumaka.jpg'),
('Dedenne', 'http://img.pokemondb.net/artwork/dedenne.jpg'),
('Deerling', 'http://img.pokemondb.net/artwork/deerling.jpg'),
('Deino', 'http://img.pokemondb.net/artwork/deino.jpg'),
('Delcatty', 'http://img.pokemondb.net/artwork/delcatty.jpg'),
('Delibird', 'http://img.pokemondb.net/artwork/delibird.jpg'),
('Delphox', 'http://img.pokemondb.net/artwork/delphox.jpg'),
('Dewgong', 'http://img.pokemondb.net/artwork/dewgong.jpg'),
('Dewott', 'http://img.pokemondb.net/artwork/dewott.jpg'),
('Dialga', 'http://img.pokemondb.net/artwork/dialga.jpg'),
('Diancie', 'http://img.pokemondb.net/artwork/diancie.jpg'),
('Diggersby', 'http://img.pokemondb.net/artwork/diggersby.jpg'),
('Diglett', 'http://img.pokemondb.net/artwork/diglett.jpg'),
('Ditto', 'http://img.pokemondb.net/artwork/ditto.jpg'),
('Dodrio', 'http://img.pokemondb.net/artwork/dodrio.jpg'),
('Doduo', 'http://img.pokemondb.net/artwork/doduo.jpg'),
('Donphan', 'http://img.pokemondb.net/artwork/donphan.jpg'),
('Doublade', 'http://img.pokemondb.net/artwork/doublade.jpg'),
('Dragalge', 'http://img.pokemondb.net/artwork/dragalge.jpg'),
('Dragonair', 'http://img.pokemondb.net/artwork/dragonair.jpg'),
('Dragonite', 'http://img.pokemondb.net/artwork/dragonite.jpg'),
('Drapion', 'http://img.pokemondb.net/artwork/drapion.jpg'),
('Dratini', 'http://img.pokemondb.net/artwork/dratini.jpg'),
('Drifblim', 'http://img.pokemondb.net/artwork/drifblim.jpg'),
('Drifloon', 'http://img.pokemondb.net/artwork/drifloon.jpg'),
('Drilbur', 'http://img.pokemondb.net/artwork/drilbur.jpg'),
('Drowzee', 'http://img.pokemondb.net/artwork/drowzee.jpg'),
('Druddigon', 'http://img.pokemondb.net/artwork/druddigon.jpg'),
('Ducklett', 'http://img.pokemondb.net/artwork/ducklett.jpg'),
('Dugtrio', 'http://img.pokemondb.net/artwork/dugtrio.jpg'),
('Dunsparce', 'http://img.pokemondb.net/artwork/dunsparce.jpg'),
('Duosion', 'http://img.pokemondb.net/artwork/duosion.jpg'),
('Durant', 'http://img.pokemondb.net/artwork/durant.jpg'),
('Dusclops', 'http://img.pokemondb.net/artwork/dusclops.jpg'),
('Dusknoir', 'http://img.pokemondb.net/artwork/dusknoir.jpg'),
('Duskull', 'http://img.pokemondb.net/artwork/duskull.jpg'),
('Dustox', 'http://img.pokemondb.net/artwork/dustox.jpg'),
('Dwebble', 'http://img.pokemondb.net/artwork/dwebble.jpg'),
('Eelektrik', 'http://img.pokemondb.net/artwork/eelektrik.jpg'),
('Eelektross', 'http://img.pokemondb.net/artwork/eelektross.jpg'),
('Eevee', 'http://img.pokemondb.net/artwork/eevee.jpg'),
('Ekans', 'http://img.pokemondb.net/artwork/ekans.jpg'),
('Electabuzz', 'http://img.pokemondb.net/artwork/electabuzz.jpg'),
('Electivire', 'http://img.pokemondb.net/artwork/electivire.jpg'),
('Electrike', 'http://img.pokemondb.net/artwork/electrike.jpg'),
('Electrode', 'http://img.pokemondb.net/artwork/electrode.jpg'),
('Elekid', 'http://img.pokemondb.net/artwork/elekid.jpg'),
('Elgyem', 'http://img.pokemondb.net/artwork/elgyem.jpg'),
('Emboar', 'http://img.pokemondb.net/artwork/emboar.jpg'),
('Emolga', 'http://img.pokemondb.net/artwork/emolga.jpg'),
('Empoleon', 'http://img.pokemondb.net/artwork/empoleon.jpg'),
('Entei', 'http://img.pokemondb.net/artwork/entei.jpg'),
('Escavalier', 'http://img.pokemondb.net/artwork/escavalier.jpg'),
('Espeon', 'http://img.pokemondb.net/artwork/espeon.jpg'),
('Espurr', 'http://img.pokemondb.net/artwork/espurr.jpg'),
('Excadrill', 'http://img.pokemondb.net/artwork/excadrill.jpg'),
('Exeggcute', 'http://img.pokemondb.net/artwork/exeggcute.jpg'),
('Exeggutor', 'http://img.pokemondb.net/artwork/exeggutor.jpg'),
('Exploud', 'http://img.pokemondb.net/artwork/exploud.jpg'),
('Farfetch''d', 'http://img.pokemondb.net/artwork/farfetch''d.jpg'),
('Fearow', 'http://img.pokemondb.net/artwork/fearow.jpg'),
('Feebas', 'http://img.pokemondb.net/artwork/feebas.jpg'),
('Fennekin', 'http://img.pokemondb.net/artwork/fennekin.jpg'),
('Feraligatr', 'http://img.pokemondb.net/artwork/feraligatr.jpg'),
('Ferroseed', 'http://img.pokemondb.net/artwork/ferroseed.jpg'),
('Ferrothorn', 'http://img.pokemondb.net/artwork/ferrothorn.jpg'),
('Finneon', 'http://img.pokemondb.net/artwork/finneon.jpg'),
('Flaaffy', 'http://img.pokemondb.net/artwork/flaaffy.jpg'),
('Flabébé', 'http://img.pokemondb.net/artwork/flabébé.jpg'),
('Flareon', 'http://img.pokemondb.net/artwork/flareon.jpg'),
('Fletchinder', 'http://img.pokemondb.net/artwork/fletchinder.jpg'),
('Fletchling', 'http://img.pokemondb.net/artwork/fletchling.jpg'),
('Floatzel', 'http://img.pokemondb.net/artwork/floatzel.jpg'),
('Floette', 'http://img.pokemondb.net/artwork/floette.jpg'),
('Florges', 'http://img.pokemondb.net/artwork/florges.jpg'),
('Flygon', 'http://img.pokemondb.net/artwork/flygon.jpg'),
('Foongus', 'http://img.pokemondb.net/artwork/foongus.jpg'),
('Forretress', 'http://img.pokemondb.net/artwork/forretress.jpg'),
('Fraxure', 'http://img.pokemondb.net/artwork/fraxure.jpg'),
('Frillish', 'http://img.pokemondb.net/artwork/frillish.jpg'),
('Froakie', 'http://img.pokemondb.net/artwork/froakie.jpg'),
('Frogadier', 'http://img.pokemondb.net/artwork/frogadier.jpg'),
('Froslass', 'http://img.pokemondb.net/artwork/froslass.jpg'),
('Furfrou', 'http://img.pokemondb.net/artwork/furfrou.jpg'),
('Furret', 'http://img.pokemondb.net/artwork/furret.jpg'),
('Gabite', 'http://img.pokemondb.net/artwork/gabite.jpg'),
('Gallade', 'http://img.pokemondb.net/artwork/gallade.jpg'),
('Galvantula', 'http://img.pokemondb.net/artwork/galvantula.jpg'),
('Garbodor', 'http://img.pokemondb.net/artwork/garbodor.jpg'),
('Garchomp', 'http://img.pokemondb.net/artwork/garchomp.jpg'),
('Gardevoir', 'http://img.pokemondb.net/artwork/gardevoir.jpg'),
('Gastly', 'http://img.pokemondb.net/artwork/gastly.jpg'),
('Gastrodon', 'http://img.pokemondb.net/artwork/gastrodon.jpg'),
('Genesect', 'http://img.pokemondb.net/artwork/genesect.jpg'),
('Gengar', 'http://img.pokemondb.net/artwork/gengar.jpg'),
('Geodude', 'http://img.pokemondb.net/artwork/geodude.jpg'),
('Gible', 'http://img.pokemondb.net/artwork/gible.jpg'),
('Gigalith', 'http://img.pokemondb.net/artwork/gigalith.jpg'),
('Girafarig', 'http://img.pokemondb.net/artwork/girafarig.jpg'),
('Glaceon', 'http://img.pokemondb.net/artwork/glaceon.jpg'),
('Glalie', 'http://img.pokemondb.net/artwork/glalie.jpg'),
('Glameow', 'http://img.pokemondb.net/artwork/glameow.jpg'),
('Gligar', 'http://img.pokemondb.net/artwork/gligar.jpg'),
('Gliscor', 'http://img.pokemondb.net/artwork/gliscor.jpg'),
('Gloom', 'http://img.pokemondb.net/artwork/gloom.jpg'),
('Gogoat', 'http://img.pokemondb.net/artwork/gogoat.jpg'),
('Golbat', 'http://img.pokemondb.net/artwork/golbat.jpg'),
('Goldeen', 'http://img.pokemondb.net/artwork/goldeen.jpg'),
('Golduck', 'http://img.pokemondb.net/artwork/golduck.jpg'),
('Golem', 'http://img.pokemondb.net/artwork/golem.jpg'),
('Golett', 'http://img.pokemondb.net/artwork/golett.jpg'),
('Golurk', 'http://img.pokemondb.net/artwork/golurk.jpg'),
('Goodra', 'http://img.pokemondb.net/artwork/goodra.jpg'),
('Goomy', 'http://img.pokemondb.net/artwork/goomy.jpg'),
('Gorebyss', 'http://img.pokemondb.net/artwork/gorebyss.jpg'),
('Gothita', 'http://img.pokemondb.net/artwork/gothita.jpg'),
('Gothitelle', 'http://img.pokemondb.net/artwork/gothitelle.jpg'),
('Gothorita', 'http://img.pokemondb.net/artwork/gothorita.jpg'),
('Granbull', 'http://img.pokemondb.net/artwork/granbull.jpg'),
('Graveler', 'http://img.pokemondb.net/artwork/graveler.jpg'),
('Greninja', 'http://img.pokemondb.net/artwork/greninja.jpg'),
('Grimer', 'http://img.pokemondb.net/artwork/grimer.jpg'),
('Grotle', 'http://img.pokemondb.net/artwork/grotle.jpg'),
('Groudon', 'http://img.pokemondb.net/artwork/groudon.jpg'),
('Grovyle', 'http://img.pokemondb.net/artwork/grovyle.jpg'),
('Growlithe', 'http://img.pokemondb.net/artwork/growlithe.jpg'),
('Grumpig', 'http://img.pokemondb.net/artwork/grumpig.jpg'),
('Gulpin', 'http://img.pokemondb.net/artwork/gulpin.jpg'),
('Gurdurr', 'http://img.pokemondb.net/artwork/gurdurr.jpg'),
('Gyarados', 'http://img.pokemondb.net/artwork/gyarados.jpg'),
('Happiny', 'http://img.pokemondb.net/artwork/happiny.jpg'),
('Hariyama', 'http://img.pokemondb.net/artwork/hariyama.jpg'),
('Haunter', 'http://img.pokemondb.net/artwork/haunter.jpg'),
('Hawlucha', 'http://img.pokemondb.net/artwork/hawlucha.jpg'),
('Haxorus', 'http://img.pokemondb.net/artwork/haxorus.jpg'),
('Heatmor', 'http://img.pokemondb.net/artwork/heatmor.jpg'),
('Heatran', 'http://img.pokemondb.net/artwork/heatran.jpg'),
('Heliolisk', 'http://img.pokemondb.net/artwork/heliolisk.jpg'),
('Helioptile', 'http://img.pokemondb.net/artwork/helioptile.jpg'),
('Heracross', 'http://img.pokemondb.net/artwork/heracross.jpg'),
('Herdier', 'http://img.pokemondb.net/artwork/herdier.jpg'),
('Hippopotas', 'http://img.pokemondb.net/artwork/hippopotas.jpg'),
('Hippowdon', 'http://img.pokemondb.net/artwork/hippowdon.jpg'),
('Hitmonchan', 'http://img.pokemondb.net/artwork/hitmonchan.jpg'),
('Hitmonlee', 'http://img.pokemondb.net/artwork/hitmonlee.jpg'),
('Hitmontop', 'http://img.pokemondb.net/artwork/hitmontop.jpg'),
('Ho-oh', 'http://img.pokemondb.net/artwork/ho-oh.jpg'),
('Honchkrow', 'http://img.pokemondb.net/artwork/honchkrow.jpg'),
('Honedge', 'http://img.pokemondb.net/artwork/honedge.jpg'),
('Hoothoot', 'http://img.pokemondb.net/artwork/hoothoot.jpg'),
('Hoppip', 'http://img.pokemondb.net/artwork/hoppip.jpg'),
('Horsea', 'http://img.pokemondb.net/artwork/horsea.jpg'),
('Houndoom', 'http://img.pokemondb.net/artwork/houndoom.jpg'),
('Houndour', 'http://img.pokemondb.net/artwork/houndour.jpg'),
('Huntail', 'http://img.pokemondb.net/artwork/huntail.jpg'),
('Hydreigon', 'http://img.pokemondb.net/artwork/hydreigon.jpg'),
('Hypno', 'http://img.pokemondb.net/artwork/hypno.jpg'),
('Igglybuff', 'http://img.pokemondb.net/artwork/igglybuff.jpg'),
('Illumise', 'http://img.pokemondb.net/artwork/illumise.jpg'),
('Infernape', 'http://img.pokemondb.net/artwork/infernape.jpg'),
('Inkay', 'http://img.pokemondb.net/artwork/inkay.jpg'),
('Ivysaur', 'http://img.pokemondb.net/artwork/ivysaur.jpg'),
('Jellicent', 'http://img.pokemondb.net/artwork/jellicent.jpg'),
('Jigglypuff', 'http://img.pokemondb.net/artwork/jigglypuff.jpg'),
('Jirachi', 'http://img.pokemondb.net/artwork/jirachi.jpg'),
('Jolteon', 'http://img.pokemondb.net/artwork/jolteon.jpg'),
('Joltik', 'http://img.pokemondb.net/artwork/joltik.jpg'),
('Jumpluff', 'http://img.pokemondb.net/artwork/jumpluff.jpg'),
('Jynx', 'http://img.pokemondb.net/artwork/jynx.jpg'),
('Kabuto', 'http://img.pokemondb.net/artwork/kabuto.jpg'),
('Kabutops', 'http://img.pokemondb.net/artwork/kabutops.jpg'),
('Kadabra', 'http://img.pokemondb.net/artwork/kadabra.jpg'),
('Kakuna', 'http://img.pokemondb.net/artwork/kakuna.jpg'),
('Kangaskhan', 'http://img.pokemondb.net/artwork/kangaskhan.jpg'),
('Karrablast', 'http://img.pokemondb.net/artwork/karrablast.jpg'),
('Kecleon', 'http://img.pokemondb.net/artwork/kecleon.jpg'),
('Kingdra', 'http://img.pokemondb.net/artwork/kingdra.jpg'),
('Kingler', 'http://img.pokemondb.net/artwork/kingler.jpg'),
('Kirlia', 'http://img.pokemondb.net/artwork/kirlia.jpg'),
('Klang', 'http://img.pokemondb.net/artwork/klang.jpg'),
('Klefki', 'http://img.pokemondb.net/artwork/klefki.jpg'),
('Klink', 'http://img.pokemondb.net/artwork/klink.jpg'),
('Klinklang', 'http://img.pokemondb.net/artwork/klinklang.jpg'),
('Koffing', 'http://img.pokemondb.net/artwork/koffing.jpg'),
('Krabby', 'http://img.pokemondb.net/artwork/krabby.jpg'),
('Kricketot', 'http://img.pokemondb.net/artwork/kricketot.jpg'),
('Kricketune', 'http://img.pokemondb.net/artwork/kricketune.jpg'),
('Krokorok', 'http://img.pokemondb.net/artwork/krokorok.jpg'),
('Krookodile', 'http://img.pokemondb.net/artwork/krookodile.jpg'),
('Kyogre', 'http://img.pokemondb.net/artwork/kyogre.jpg'),
('Kyurem', 'http://img.pokemondb.net/artwork/kyurem.jpg'),
('Lairon', 'http://img.pokemondb.net/artwork/lairon.jpg'),
('Lampent', 'http://img.pokemondb.net/artwork/lampent.jpg'),
('Lanturn', 'http://img.pokemondb.net/artwork/lanturn.jpg'),
('Lapras', 'http://img.pokemondb.net/artwork/lapras.jpg'),
('Larvesta', 'http://img.pokemondb.net/artwork/larvesta.jpg'),
('Larvitar', 'http://img.pokemondb.net/artwork/larvitar.jpg'),
('Latias', 'http://img.pokemondb.net/artwork/latias.jpg'),
('Latios', 'http://img.pokemondb.net/artwork/latios.jpg'),
('Leafeon', 'http://img.pokemondb.net/artwork/leafeon.jpg'),
('Leavanny', 'http://img.pokemondb.net/artwork/leavanny.jpg'),
('Ledian', 'http://img.pokemondb.net/artwork/ledian.jpg'),
('Ledyba', 'http://img.pokemondb.net/artwork/ledyba.jpg'),
('Lickilicky', 'http://img.pokemondb.net/artwork/lickilicky.jpg'),
('Lickitung', 'http://img.pokemondb.net/artwork/lickitung.jpg'),
('Liepard', 'http://img.pokemondb.net/artwork/liepard.jpg'),
('Lileep', 'http://img.pokemondb.net/artwork/lileep.jpg'),
('Lilligant', 'http://img.pokemondb.net/artwork/lilligant.jpg'),
('Lillipup', 'http://img.pokemondb.net/artwork/lillipup.jpg'),
('Linoone', 'http://img.pokemondb.net/artwork/linoone.jpg'),
('Litleo', 'http://img.pokemondb.net/artwork/litleo.jpg'),
('Litwick', 'http://img.pokemondb.net/artwork/litwick.jpg'),
('Lombre', 'http://img.pokemondb.net/artwork/lombre.jpg'),
('Lopunny', 'http://img.pokemondb.net/artwork/lopunny.jpg'),
('Lotad', 'http://img.pokemondb.net/artwork/lotad.jpg'),
('Loudred', 'http://img.pokemondb.net/artwork/loudred.jpg'),
('Lucario', 'http://img.pokemondb.net/artwork/lucario.jpg'),
('Ludicolo', 'http://img.pokemondb.net/artwork/ludicolo.jpg'),
('Lugia', 'http://img.pokemondb.net/artwork/lugia.jpg'),
('Lumineon', 'http://img.pokemondb.net/artwork/lumineon.jpg'),
('Lunatone', 'http://img.pokemondb.net/artwork/lunatone.jpg'),
('Luvdisc', 'http://img.pokemondb.net/artwork/luvdisc.jpg'),
('Luxio', 'http://img.pokemondb.net/artwork/luxio.jpg'),
('Luxray', 'http://img.pokemondb.net/artwork/luxray.jpg'),
('Machamp', 'http://img.pokemondb.net/artwork/machamp.jpg'),
('Machoke', 'http://img.pokemondb.net/artwork/machoke.jpg'),
('Machop', 'http://img.pokemondb.net/artwork/machop.jpg'),
('Magby', 'http://img.pokemondb.net/artwork/magby.jpg'),
('Magcargo', 'http://img.pokemondb.net/artwork/magcargo.jpg'),
('Magikarp', 'http://img.pokemondb.net/artwork/magikarp.jpg'),
('Magmar', 'http://img.pokemondb.net/artwork/magmar.jpg'),
('Magmortar', 'http://img.pokemondb.net/artwork/magmortar.jpg'),
('Magnemite', 'http://img.pokemondb.net/artwork/magnemite.jpg'),
('Magneton', 'http://img.pokemondb.net/artwork/magneton.jpg'),
('Magnezone', 'http://img.pokemondb.net/artwork/magnezone.jpg'),
('Makuhita', 'http://img.pokemondb.net/artwork/makuhita.jpg'),
('Malamar', 'http://img.pokemondb.net/artwork/malamar.jpg'),
('Mamoswine', 'http://img.pokemondb.net/artwork/mamoswine.jpg'),
('Manaphy', 'http://img.pokemondb.net/artwork/manaphy.jpg'),
('Mandibuzz', 'http://img.pokemondb.net/artwork/mandibuzz.jpg'),
('Manectric', 'http://img.pokemondb.net/artwork/manectric.jpg'),
('Mankey', 'http://img.pokemondb.net/artwork/mankey.jpg'),
('Mantine', 'http://img.pokemondb.net/artwork/mantine.jpg'),
('Mantyke', 'http://img.pokemondb.net/artwork/mantyke.jpg'),
('Maractus', 'http://img.pokemondb.net/artwork/maractus.jpg'),
('Mareep', 'http://img.pokemondb.net/artwork/mareep.jpg'),
('Marill', 'http://img.pokemondb.net/artwork/marill.jpg'),
('Marowak', 'http://img.pokemondb.net/artwork/marowak.jpg'),
('Marshtomp', 'http://img.pokemondb.net/artwork/marshtomp.jpg'),
('Masquerain', 'http://img.pokemondb.net/artwork/masquerain.jpg'),
('Mawile', 'http://img.pokemondb.net/artwork/mawile.jpg'),
('Medicham', 'http://img.pokemondb.net/artwork/medicham.jpg'),
('Meditite', 'http://img.pokemondb.net/artwork/meditite.jpg'),
('Meganium', 'http://img.pokemondb.net/artwork/meganium.jpg'),
('Meowth', 'http://img.pokemondb.net/artwork/meowth.jpg'),
('Mesprit', 'http://img.pokemondb.net/artwork/mesprit.jpg'),
('Metagross', 'http://img.pokemondb.net/artwork/metagross.jpg'),
('Metang', 'http://img.pokemondb.net/artwork/metang.jpg'),
('Metapod', 'http://img.pokemondb.net/artwork/metapod.jpg'),
('Mew', 'http://img.pokemondb.net/artwork/mew.jpg'),
('Mewtwo', 'http://img.pokemondb.net/artwork/mewtwo.jpg'),
('Mienfoo', 'http://img.pokemondb.net/artwork/mienfoo.jpg'),
('Mienshao', 'http://img.pokemondb.net/artwork/mienshao.jpg'),
('Mightyena', 'http://img.pokemondb.net/artwork/mightyena.jpg'),
('Milotic', 'http://img.pokemondb.net/artwork/milotic.jpg'),
('Miltank', 'http://img.pokemondb.net/artwork/miltank.jpg'),
('Mime Jr.', 'http://img.pokemondb.net/artwork/mime jr..jpg'),
('Minccino', 'http://img.pokemondb.net/artwork/minccino.jpg'),
('Minun', 'http://img.pokemondb.net/artwork/minun.jpg'),
('Misdreavus', 'http://img.pokemondb.net/artwork/misdreavus.jpg'),
('Mismagius', 'http://img.pokemondb.net/artwork/mismagius.jpg'),
('Moltres', 'http://img.pokemondb.net/artwork/moltres.jpg'),
('Monferno', 'http://img.pokemondb.net/artwork/monferno.jpg'),
('Mothim', 'http://img.pokemondb.net/artwork/mothim.jpg'),
('Mr. Mime', 'http://img.pokemondb.net/artwork/mr. mime.jpg'),
('Mudkip', 'http://img.pokemondb.net/artwork/mudkip.jpg'),
('Muk', 'http://img.pokemondb.net/artwork/muk.jpg'),
('Munchlax', 'http://img.pokemondb.net/artwork/munchlax.jpg'),
('Munna', 'http://img.pokemondb.net/artwork/munna.jpg'),
('Murkrow', 'http://img.pokemondb.net/artwork/murkrow.jpg'),
('Musharna', 'http://img.pokemondb.net/artwork/musharna.jpg'),
('Natu', 'http://img.pokemondb.net/artwork/natu.jpg'),
('Nidoking', 'http://img.pokemondb.net/artwork/nidoking.jpg'),
('Nidoqueen', 'http://img.pokemondb.net/artwork/nidoqueen.jpg'),
('Nidoran?(Female)', 'http://img.pokemondb.net/artwork/nidoran?.jpg'),
('Nidoran?(Male)', 'http://img.pokemondb.net/artwork/nidoran?.jpg'),
('Nidorina', 'http://img.pokemondb.net/artwork/nidorina.jpg'),
('Nidorino', 'http://img.pokemondb.net/artwork/nidorino.jpg'),
('Nincada', 'http://img.pokemondb.net/artwork/nincada.jpg'),
('Ninetales', 'http://img.pokemondb.net/artwork/ninetales.jpg'),
('Ninjask', 'http://img.pokemondb.net/artwork/ninjask.jpg'),
('Noctowl', 'http://img.pokemondb.net/artwork/noctowl.jpg'),
('Noibat', 'http://img.pokemondb.net/artwork/noibat.jpg'),
('Noivern', 'http://img.pokemondb.net/artwork/noivern.jpg'),
('Nosepass', 'http://img.pokemondb.net/artwork/nosepass.jpg'),
('Numel', 'http://img.pokemondb.net/artwork/numel.jpg'),
('Nuzleaf', 'http://img.pokemondb.net/artwork/nuzleaf.jpg'),
('Octillery', 'http://img.pokemondb.net/artwork/octillery.jpg'),
('Oddish', 'http://img.pokemondb.net/artwork/oddish.jpg'),
('Omanyte', 'http://img.pokemondb.net/artwork/omanyte.jpg'),
('Omastar', 'http://img.pokemondb.net/artwork/omastar.jpg'),
('Onix', 'http://img.pokemondb.net/artwork/onix.jpg'),
('Oshawott', 'http://img.pokemondb.net/artwork/oshawott.jpg'),
('Pachirisu', 'http://img.pokemondb.net/artwork/pachirisu.jpg'),
('Palkia', 'http://img.pokemondb.net/artwork/palkia.jpg'),
('Palpitoad', 'http://img.pokemondb.net/artwork/palpitoad.jpg'),
('Pancham', 'http://img.pokemondb.net/artwork/pancham.jpg'),
('Pangoro', 'http://img.pokemondb.net/artwork/pangoro.jpg'),
('Panpour', 'http://img.pokemondb.net/artwork/panpour.jpg'),
('Pansage', 'http://img.pokemondb.net/artwork/pansage.jpg'),
('Pansear', 'http://img.pokemondb.net/artwork/pansear.jpg'),
('Paras', 'http://img.pokemondb.net/artwork/paras.jpg'),
('Parasect', 'http://img.pokemondb.net/artwork/parasect.jpg'),
('Patrat', 'http://img.pokemondb.net/artwork/patrat.jpg'),
('Pawniard', 'http://img.pokemondb.net/artwork/pawniard.jpg'),
('Pelipper', 'http://img.pokemondb.net/artwork/pelipper.jpg'),
('Persian', 'http://img.pokemondb.net/artwork/persian.jpg'),
('Petilil', 'http://img.pokemondb.net/artwork/petilil.jpg'),
('Phanpy', 'http://img.pokemondb.net/artwork/phanpy.jpg'),
('Phantump', 'http://img.pokemondb.net/artwork/phantump.jpg'),
('Phione', 'http://img.pokemondb.net/artwork/phione.jpg'),
('Pichu', 'http://img.pokemondb.net/artwork/pichu.jpg'),
('Pidgeot', 'http://img.pokemondb.net/artwork/pidgeot.jpg'),
('Pidgeotto', 'http://img.pokemondb.net/artwork/pidgeotto.jpg'),
('Pidgey', 'http://img.pokemondb.net/artwork/pidgey.jpg'),
('Pidove', 'http://img.pokemondb.net/artwork/pidove.jpg'),
('Pignite', 'http://img.pokemondb.net/artwork/pignite.jpg'),
('Pikachu', 'http://img.pokemondb.net/artwork/pikachu.jpg'),
('Piloswine', 'http://img.pokemondb.net/artwork/piloswine.jpg'),
('Pineco', 'http://img.pokemondb.net/artwork/pineco.jpg'),
('Pinsir', 'http://img.pokemondb.net/artwork/pinsir.jpg'),
('Piplup', 'http://img.pokemondb.net/artwork/piplup.jpg'),
('Plusle', 'http://img.pokemondb.net/artwork/plusle.jpg'),
('Politoed', 'http://img.pokemondb.net/artwork/politoed.jpg'),
('Poliwag', 'http://img.pokemondb.net/artwork/poliwag.jpg'),
('Poliwhirl', 'http://img.pokemondb.net/artwork/poliwhirl.jpg'),
('Poliwrath', 'http://img.pokemondb.net/artwork/poliwrath.jpg'),
('Ponyta', 'http://img.pokemondb.net/artwork/ponyta.jpg'),
('Poochyena', 'http://img.pokemondb.net/artwork/poochyena.jpg'),
('Porygon', 'http://img.pokemondb.net/artwork/porygon.jpg'),
('Porygon-Z', 'http://img.pokemondb.net/artwork/porygon-z.jpg'),
('Porygon2', 'http://img.pokemondb.net/artwork/porygon2.jpg'),
('Primeape', 'http://img.pokemondb.net/artwork/primeape.jpg'),
('Prinplup', 'http://img.pokemondb.net/artwork/prinplup.jpg'),
('Probopass', 'http://img.pokemondb.net/artwork/probopass.jpg'),
('Psyduck', 'http://img.pokemondb.net/artwork/psyduck.jpg'),
('Pupitar', 'http://img.pokemondb.net/artwork/pupitar.jpg'),
('Purrloin', 'http://img.pokemondb.net/artwork/purrloin.jpg'),
('Purugly', 'http://img.pokemondb.net/artwork/purugly.jpg'),
('Pyroar', 'http://img.pokemondb.net/artwork/pyroar.jpg'),
('Quagsire', 'http://img.pokemondb.net/artwork/quagsire.jpg'),
('Quilava', 'http://img.pokemondb.net/artwork/quilava.jpg'),
('Quilladin', 'http://img.pokemondb.net/artwork/quilladin.jpg'),
('Qwilfish', 'http://img.pokemondb.net/artwork/qwilfish.jpg'),
('Raichu', 'http://img.pokemondb.net/artwork/raichu.jpg'),
('Raikou', 'http://img.pokemondb.net/artwork/raikou.jpg'),
('Ralts', 'http://img.pokemondb.net/artwork/ralts.jpg'),
('Rampardos', 'http://img.pokemondb.net/artwork/rampardos.jpg'),
('Rapidash', 'http://img.pokemondb.net/artwork/rapidash.jpg'),
('Raticate', 'http://img.pokemondb.net/artwork/raticate.jpg'),
('Rattata', 'http://img.pokemondb.net/artwork/rattata.jpg'),
('Rayquaza', 'http://img.pokemondb.net/artwork/rayquaza.jpg'),
('Regice', 'http://img.pokemondb.net/artwork/regice.jpg'),
('Regigigas', 'http://img.pokemondb.net/artwork/regigigas.jpg'),
('Regirock', 'http://img.pokemondb.net/artwork/regirock.jpg'),
('Registeel', 'http://img.pokemondb.net/artwork/registeel.jpg'),
('Relicanth', 'http://img.pokemondb.net/artwork/relicanth.jpg'),
('Remoraid', 'http://img.pokemondb.net/artwork/remoraid.jpg'),
('Reshiram', 'http://img.pokemondb.net/artwork/reshiram.jpg'),
('Reuniclus', 'http://img.pokemondb.net/artwork/reuniclus.jpg'),
('Rhydon', 'http://img.pokemondb.net/artwork/rhydon.jpg'),
('Rhyhorn', 'http://img.pokemondb.net/artwork/rhyhorn.jpg'),
('Rhyperior', 'http://img.pokemondb.net/artwork/rhyperior.jpg'),
('Riolu', 'http://img.pokemondb.net/artwork/riolu.jpg'),
('Roggenrola', 'http://img.pokemondb.net/artwork/roggenrola.jpg'),
('Roselia', 'http://img.pokemondb.net/artwork/roselia.jpg'),
('Roserade', 'http://img.pokemondb.net/artwork/roserade.jpg'),
('Rotom', 'http://img.pokemondb.net/artwork/rotom.jpg'),
('Rufflet', 'http://img.pokemondb.net/artwork/rufflet.jpg'),
('Sableye', 'http://img.pokemondb.net/artwork/sableye.jpg'),
('Salamence', 'http://img.pokemondb.net/artwork/salamence.jpg'),
('Samurott', 'http://img.pokemondb.net/artwork/samurott.jpg'),
('Sandile', 'http://img.pokemondb.net/artwork/sandile.jpg'),
('Sandshrew', 'http://img.pokemondb.net/artwork/sandshrew.jpg'),
('Sandslash', 'http://img.pokemondb.net/artwork/sandslash.jpg'),
('Sawk', 'http://img.pokemondb.net/artwork/sawk.jpg'),
('Sawsbuck', 'http://img.pokemondb.net/artwork/sawsbuck.jpg'),
('Scatterbug', 'http://img.pokemondb.net/artwork/scatterbug.jpg'),
('Sceptile', 'http://img.pokemondb.net/artwork/sceptile.jpg'),
('Scizor', 'http://img.pokemondb.net/artwork/scizor.jpg'),
('Scolipede', 'http://img.pokemondb.net/artwork/scolipede.jpg'),
('Scrafty', 'http://img.pokemondb.net/artwork/scrafty.jpg'),
('Scraggy', 'http://img.pokemondb.net/artwork/scraggy.jpg'),
('Scyther', 'http://img.pokemondb.net/artwork/scyther.jpg'),
('Seadra', 'http://img.pokemondb.net/artwork/seadra.jpg'),
('Seaking', 'http://img.pokemondb.net/artwork/seaking.jpg'),
('Sealeo', 'http://img.pokemondb.net/artwork/sealeo.jpg'),
('Seedot', 'http://img.pokemondb.net/artwork/seedot.jpg'),
('Seel', 'http://img.pokemondb.net/artwork/seel.jpg'),
('Seismitoad', 'http://img.pokemondb.net/artwork/seismitoad.jpg'),
('Sentret', 'http://img.pokemondb.net/artwork/sentret.jpg'),
('Serperior', 'http://img.pokemondb.net/artwork/serperior.jpg'),
('Servine', 'http://img.pokemondb.net/artwork/servine.jpg'),
('Seviper', 'http://img.pokemondb.net/artwork/seviper.jpg'),
('Sewaddle', 'http://img.pokemondb.net/artwork/sewaddle.jpg'),
('Sharpedo', 'http://img.pokemondb.net/artwork/sharpedo.jpg'),
('Shedinja', 'http://img.pokemondb.net/artwork/shedinja.jpg'),
('Shelgon', 'http://img.pokemondb.net/artwork/shelgon.jpg'),
('Shellder', 'http://img.pokemondb.net/artwork/shellder.jpg'),
('Shellos', 'http://img.pokemondb.net/artwork/shellos.jpg'),
('Shelmet', 'http://img.pokemondb.net/artwork/shelmet.jpg'),
('Shieldon', 'http://img.pokemondb.net/artwork/shieldon.jpg'),
('Shiftry', 'http://img.pokemondb.net/artwork/shiftry.jpg'),
('Shinx', 'http://img.pokemondb.net/artwork/shinx.jpg'),
('Shroomish', 'http://img.pokemondb.net/artwork/shroomish.jpg'),
('Shuckle', 'http://img.pokemondb.net/artwork/shuckle.jpg'),
('Shuppet', 'http://img.pokemondb.net/artwork/shuppet.jpg'),
('Sigilyph', 'http://img.pokemondb.net/artwork/sigilyph.jpg'),
('Silcoon', 'http://img.pokemondb.net/artwork/silcoon.jpg'),
('Simipour', 'http://img.pokemondb.net/artwork/simipour.jpg'),
('Simisage', 'http://img.pokemondb.net/artwork/simisage.jpg'),
('Simisear', 'http://img.pokemondb.net/artwork/simisear.jpg'),
('Skarmory', 'http://img.pokemondb.net/artwork/skarmory.jpg'),
('Skiddo', 'http://img.pokemondb.net/artwork/skiddo.jpg'),
('Skiploom', 'http://img.pokemondb.net/artwork/skiploom.jpg'),
('Skitty', 'http://img.pokemondb.net/artwork/skitty.jpg'),
('Skorupi', 'http://img.pokemondb.net/artwork/skorupi.jpg'),
('Skrelp', 'http://img.pokemondb.net/artwork/skrelp.jpg'),
('Skuntank', 'http://img.pokemondb.net/artwork/skuntank.jpg'),
('Slaking', 'http://img.pokemondb.net/artwork/slaking.jpg'),
('Slakoth', 'http://img.pokemondb.net/artwork/slakoth.jpg'),
('Sliggoo', 'http://img.pokemondb.net/artwork/sliggoo.jpg'),
('Slowbro', 'http://img.pokemondb.net/artwork/slowbro.jpg'),
('Slowking', 'http://img.pokemondb.net/artwork/slowking.jpg'),
('Slowpoke', 'http://img.pokemondb.net/artwork/slowpoke.jpg'),
('Slugma', 'http://img.pokemondb.net/artwork/slugma.jpg'),
('Slurpuff', 'http://img.pokemondb.net/artwork/slurpuff.jpg'),
('Smeargle', 'http://img.pokemondb.net/artwork/smeargle.jpg'),
('Smoochum', 'http://img.pokemondb.net/artwork/smoochum.jpg'),
('Sneasel', 'http://img.pokemondb.net/artwork/sneasel.jpg'),
('Snivy', 'http://img.pokemondb.net/artwork/snivy.jpg'),
('Snorlax', 'http://img.pokemondb.net/artwork/snorlax.jpg'),
('Snorunt', 'http://img.pokemondb.net/artwork/snorunt.jpg'),
('Snover', 'http://img.pokemondb.net/artwork/snover.jpg'),
('Snubbull', 'http://img.pokemondb.net/artwork/snubbull.jpg'),
('Solosis', 'http://img.pokemondb.net/artwork/solosis.jpg'),
('Solrock', 'http://img.pokemondb.net/artwork/solrock.jpg'),
('Spearow', 'http://img.pokemondb.net/artwork/spearow.jpg'),
('Spewpa', 'http://img.pokemondb.net/artwork/spewpa.jpg'),
('Spheal', 'http://img.pokemondb.net/artwork/spheal.jpg'),
('Spinarak', 'http://img.pokemondb.net/artwork/spinarak.jpg'),
('Spinda', 'http://img.pokemondb.net/artwork/spinda.jpg'),
('Spiritomb', 'http://img.pokemondb.net/artwork/spiritomb.jpg'),
('Spoink', 'http://img.pokemondb.net/artwork/spoink.jpg'),
('Spritzee', 'http://img.pokemondb.net/artwork/spritzee.jpg'),
('Squirtle', 'http://img.pokemondb.net/artwork/squirtle.jpg'),
('Stantler', 'http://img.pokemondb.net/artwork/stantler.jpg'),
('Staraptor', 'http://img.pokemondb.net/artwork/staraptor.jpg'),
('Staravia', 'http://img.pokemondb.net/artwork/staravia.jpg'),
('Starly', 'http://img.pokemondb.net/artwork/starly.jpg'),
('Starmie', 'http://img.pokemondb.net/artwork/starmie.jpg'),
('Staryu', 'http://img.pokemondb.net/artwork/staryu.jpg'),
('Steelix', 'http://img.pokemondb.net/artwork/steelix.jpg'),
('Stoutland', 'http://img.pokemondb.net/artwork/stoutland.jpg'),
('Stunfisk', 'http://img.pokemondb.net/artwork/stunfisk.jpg'),
('Stunky', 'http://img.pokemondb.net/artwork/stunky.jpg'),
('Sudowoodo', 'http://img.pokemondb.net/artwork/sudowoodo.jpg'),
('Suicune', 'http://img.pokemondb.net/artwork/suicune.jpg'),
('Sunflora', 'http://img.pokemondb.net/artwork/sunflora.jpg'),
('Sunkern', 'http://img.pokemondb.net/artwork/sunkern.jpg'),
('Surskit', 'http://img.pokemondb.net/artwork/surskit.jpg'),
('Swablu', 'http://img.pokemondb.net/artwork/swablu.jpg'),
('Swadloon', 'http://img.pokemondb.net/artwork/swadloon.jpg'),
('Swalot', 'http://img.pokemondb.net/artwork/swalot.jpg'),
('Swampert', 'http://img.pokemondb.net/artwork/swampert.jpg'),
('Swanna', 'http://img.pokemondb.net/artwork/swanna.jpg'),
('Swellow', 'http://img.pokemondb.net/artwork/swellow.jpg'),
('Swinub', 'http://img.pokemondb.net/artwork/swinub.jpg'),
('Swirlix', 'http://img.pokemondb.net/artwork/swirlix.jpg'),
('Swoobat', 'http://img.pokemondb.net/artwork/swoobat.jpg'),
('Sylveon', 'http://img.pokemondb.net/artwork/sylveon.jpg'),
('Taillow', 'http://img.pokemondb.net/artwork/taillow.jpg'),
('Talonflame', 'http://img.pokemondb.net/artwork/talonflame.jpg'),
('Tangela', 'http://img.pokemondb.net/artwork/tangela.jpg'),
('Tangrowth', 'http://img.pokemondb.net/artwork/tangrowth.jpg'),
('Tauros', 'http://img.pokemondb.net/artwork/tauros.jpg'),
('Teddiursa', 'http://img.pokemondb.net/artwork/teddiursa.jpg'),
('Tentacool', 'http://img.pokemondb.net/artwork/tentacool.jpg'),
('Tentacruel', 'http://img.pokemondb.net/artwork/tentacruel.jpg'),
('Tepig', 'http://img.pokemondb.net/artwork/tepig.jpg'),
('Terrakion', 'http://img.pokemondb.net/artwork/terrakion.jpg'),
('Throh', 'http://img.pokemondb.net/artwork/throh.jpg'),
('Timburr', 'http://img.pokemondb.net/artwork/timburr.jpg'),
('Tirtouga', 'http://img.pokemondb.net/artwork/tirtouga.jpg'),
('Togekiss', 'http://img.pokemondb.net/artwork/togekiss.jpg'),
('Togepi', 'http://img.pokemondb.net/artwork/togepi.jpg'),
('Togetic', 'http://img.pokemondb.net/artwork/togetic.jpg'),
('Torchic', 'http://img.pokemondb.net/artwork/torchic.jpg'),
('Torkoal', 'http://img.pokemondb.net/artwork/torkoal.jpg'),
('Torterra', 'http://img.pokemondb.net/artwork/torterra.jpg'),
('Totodile', 'http://img.pokemondb.net/artwork/totodile.jpg'),
('Toxicroak', 'http://img.pokemondb.net/artwork/toxicroak.jpg'),
('Tranquill', 'http://img.pokemondb.net/artwork/tranquill.jpg'),
('Trapinch', 'http://img.pokemondb.net/artwork/trapinch.jpg'),
('Treecko', 'http://img.pokemondb.net/artwork/treecko.jpg'),
('Trevenant', 'http://img.pokemondb.net/artwork/trevenant.jpg'),
('Tropius', 'http://img.pokemondb.net/artwork/tropius.jpg'),
('Trubbish', 'http://img.pokemondb.net/artwork/trubbish.jpg'),
('Turtwig', 'http://img.pokemondb.net/artwork/turtwig.jpg'),
('Tympole', 'http://img.pokemondb.net/artwork/tympole.jpg'),
('Tynamo', 'http://img.pokemondb.net/artwork/tynamo.jpg'),
('Typhlosion', 'http://img.pokemondb.net/artwork/typhlosion.jpg'),
('Tyranitar', 'http://img.pokemondb.net/artwork/tyranitar.jpg'),
('Tyrantrum', 'http://img.pokemondb.net/artwork/tyrantrum.jpg'),
('Tyrogue', 'http://img.pokemondb.net/artwork/tyrogue.jpg'),
('Tyrunt', 'http://img.pokemondb.net/artwork/tyrunt.jpg'),
('Umbreon', 'http://img.pokemondb.net/artwork/umbreon.jpg'),
('Unfezant', 'http://img.pokemondb.net/artwork/unfezant.jpg'),
('Unown', 'http://img.pokemondb.net/artwork/unown.jpg'),
('Ursaring', 'http://img.pokemondb.net/artwork/ursaring.jpg'),
('Uxie', 'http://img.pokemondb.net/artwork/uxie.jpg'),
('Vanillish', 'http://img.pokemondb.net/artwork/vanillish.jpg'),
('Vanillite', 'http://img.pokemondb.net/artwork/vanillite.jpg'),
('Vanilluxe', 'http://img.pokemondb.net/artwork/vanilluxe.jpg'),
('Vaporeon', 'http://img.pokemondb.net/artwork/vaporeon.jpg'),
('Venipede', 'http://img.pokemondb.net/artwork/venipede.jpg'),
('Venomoth', 'http://img.pokemondb.net/artwork/venomoth.jpg'),
('Venonat', 'http://img.pokemondb.net/artwork/venonat.jpg'),
('Venusaur', 'http://img.pokemondb.net/artwork/venusaur.jpg'),
('Vespiquen', 'http://img.pokemondb.net/artwork/vespiquen.jpg'),
('Vibrava', 'http://img.pokemondb.net/artwork/vibrava.jpg'),
('Victini', 'http://img.pokemondb.net/artwork/victini.jpg'),
('Victreebel', 'http://img.pokemondb.net/artwork/victreebel.jpg'),
('Vigoroth', 'http://img.pokemondb.net/artwork/vigoroth.jpg'),
('Vileplume', 'http://img.pokemondb.net/artwork/vileplume.jpg'),
('Virizion', 'http://img.pokemondb.net/artwork/virizion.jpg'),
('Vivillon', 'http://img.pokemondb.net/artwork/vivillon.jpg'),
('Volbeat', 'http://img.pokemondb.net/artwork/volbeat.jpg'),
('Volcanion', 'http://img.pokemondb.net/artwork/volcanion.jpg'),
('Volcarona', 'http://img.pokemondb.net/artwork/volcarona.jpg'),
('Voltorb', 'http://img.pokemondb.net/artwork/voltorb.jpg'),
('Vullaby', 'http://img.pokemondb.net/artwork/vullaby.jpg'),
('Vulpix', 'http://img.pokemondb.net/artwork/vulpix.jpg'),
('Wailmer', 'http://img.pokemondb.net/artwork/wailmer.jpg'),
('Wailord', 'http://img.pokemondb.net/artwork/wailord.jpg'),
('Walrein', 'http://img.pokemondb.net/artwork/walrein.jpg'),
('Wartortle', 'http://img.pokemondb.net/artwork/wartortle.jpg'),
('Watchog', 'http://img.pokemondb.net/artwork/watchog.jpg'),
('Weavile', 'http://img.pokemondb.net/artwork/weavile.jpg'),
('Weedle', 'http://img.pokemondb.net/artwork/weedle.jpg'),
('Weepinbell', 'http://img.pokemondb.net/artwork/weepinbell.jpg'),
('Weezing', 'http://img.pokemondb.net/artwork/weezing.jpg'),
('Whimsicott', 'http://img.pokemondb.net/artwork/whimsicott.jpg'),
('Whirlipede', 'http://img.pokemondb.net/artwork/whirlipede.jpg'),
('Whiscash', 'http://img.pokemondb.net/artwork/whiscash.jpg'),
('Whismur', 'http://img.pokemondb.net/artwork/whismur.jpg'),
('Wigglytuff', 'http://img.pokemondb.net/artwork/wigglytuff.jpg'),
('Wingull', 'http://img.pokemondb.net/artwork/wingull.jpg'),
('Wobbuffet', 'http://img.pokemondb.net/artwork/wobbuffet.jpg'),
('Woobat', 'http://img.pokemondb.net/artwork/woobat.jpg'),
('Wooper', 'http://img.pokemondb.net/artwork/wooper.jpg'),
('Wurmple', 'http://img.pokemondb.net/artwork/wurmple.jpg'),
('Wynaut', 'http://img.pokemondb.net/artwork/wynaut.jpg'),
('Xatu', 'http://img.pokemondb.net/artwork/xatu.jpg'),
('Xerneas', 'http://img.pokemondb.net/artwork/xerneas.jpg'),
('Yamask', 'http://img.pokemondb.net/artwork/yamask.jpg'),
('Yanma', 'http://img.pokemondb.net/artwork/yanma.jpg'),
('Yanmega', 'http://img.pokemondb.net/artwork/yanmega.jpg'),
('Yveltal', 'http://img.pokemondb.net/artwork/yveltal.jpg'),
('Zangoose', 'http://img.pokemondb.net/artwork/zangoose.jpg'),
('Zapdos', 'http://img.pokemondb.net/artwork/zapdos.jpg'),
('Zebstrika', 'http://img.pokemondb.net/artwork/zebstrika.jpg'),
('Zekrom', 'http://img.pokemondb.net/artwork/zekrom.jpg'),
('Zigzagoon', 'http://img.pokemondb.net/artwork/zigzagoon.jpg'),
('Zoroark', 'http://img.pokemondb.net/artwork/zoroark.jpg'),
('Zorua', 'http://img.pokemondb.net/artwork/zorua.jpg'),
('Zubat', 'http://img.pokemondb.net/artwork/zubat.jpg'),
('Zweilous', 'http://img.pokemondb.net/artwork/zweilous.jpg');

-- --------------------------------------------------------

--
-- Tablo için tablo yapısı `pokémontype`
--

CREATE TABLE IF NOT EXISTS `pokémontype` (
  `pName` varchar(100) NOT NULL,
  `type1` varchar(10) NOT NULL,
  `type2` varchar(10) DEFAULT NULL,
  PRIMARY KEY (`pName`),
  KEY `type1` (`type1`),
  KEY `type2` (`type2`)
) ENGINE=InnoDB DEFAULT CHARSET=latin1;

--
-- Tablo döküm verisi `pokémontype`
--

INSERT INTO `pokémontype` (`pName`, `type1`, `type2`) VALUES
('Abomasnow', 'Grass', 'Ice'),
('Abra', 'Psychic', NULL),
('Absol', 'Dark', NULL),
('Accelgor', 'Bug', NULL),
('Aerodactyl', 'Rock', 'Flying'),
('Aggron', 'Steel', 'Rock'),
('Aipom', 'Normal', NULL),
('Alakazam', 'Psychic', NULL),
('Alomomola', 'Water', NULL),
('Altaria', 'Dragon', 'Flying'),
('Amaura', 'Rock', 'Ice'),
('Ambipom', 'Normal', NULL),
('Amoonguss', 'Grass', 'Poison'),
('Ampharos', 'Electric', NULL),
('Anorith', 'Rock', 'Bug'),
('Arbok', 'Poison', NULL),
('Arcanine', 'Fire', NULL),
('Arceus', 'Normal', NULL),
('Archen', 'Rock', 'Flying'),
('Archeops', 'Rock', 'Flying'),
('Ariados', 'Bug', 'Poison'),
('Armaldo', 'Rock', 'Bug'),
('Aromatisse', 'Fairy', NULL),
('Aron', 'Steel', 'Rock'),
('Articuno', 'Ice', 'Flying'),
('Audino', 'Normal', NULL),
('Aurorus', 'Rock', 'Ice'),
('Avalugg', 'Ice', NULL),
('Axew', 'Dragon', NULL),
('Azelf', 'Psychic', NULL),
('Azumarill', 'Water', 'Fairy'),
('Azurill', 'Normal', 'Fairy'),
('Bagon', 'Dragon', NULL),
('Baltoy', 'Ground', 'Psychic'),
('Banette', 'Ghost', NULL),
('Barbaracle', 'Rock', 'Water'),
('Barboach', 'Water', 'Ground'),
('Basculin', 'Water', NULL),
('Bastiodon', 'Rock', 'Steel'),
('Bayleef', 'Grass', NULL),
('Beartic', 'Ice', NULL),
('Beautifly', 'Bug', 'Flying'),
('Beedrill', 'Bug', 'Poison'),
('Beheeyem', 'Psychic', NULL),
('Beldum', 'Steel', 'Psychic'),
('Bellossom', 'Grass', NULL),
('Bellsprout', 'Grass', 'Poison'),
('Bergmite', 'Ice', NULL),
('Bibarel', 'Normal', 'Water'),
('Bidoof', 'Normal', NULL),
('Binacle', 'Rock', 'Water'),
('Bisharp', 'Dark', 'Steel'),
('Blastoise', 'Water', NULL),
('Blaziken', 'Fire', 'Fighting'),
('Blissey', 'Normal', NULL),
('Blitzle', 'Electric', NULL),
('Boldore', 'Rock', NULL),
('Bonsly', 'Rock', NULL),
('Bouffalant', 'Normal', NULL),
('Braixen', 'Fire', NULL),
('Braviary', 'Normal', 'Flying'),
('Breloom', 'Grass', 'Fighting'),
('Bronzong', 'Steel', 'Psychic'),
('Bronzor', 'Steel', 'Psychic'),
('Budew', 'Grass', 'Poison'),
('Buizel', 'Water', NULL),
('Bulbasaur', 'Grass', 'Poison'),
('Buneary', 'Normal', NULL),
('Bunnelby', 'Normal', NULL),
('Burmy', 'Bug', NULL),
('Butterfree', 'Bug', 'Flying'),
('Cacnea', 'Grass', NULL),
('Cacturne', 'Grass', 'Dark'),
('Camerupt', 'Fire', 'Ground'),
('Carbink', 'Rock', 'Fairy'),
('Carnivine', 'Grass', NULL),
('Carracosta', 'Water', 'Rock'),
('Carvanha', 'Water', 'Dark'),
('Cascoon', 'Bug', NULL),
('Castform', 'Normal', NULL),
('Caterpie', 'Bug', NULL),
('Celebi', 'Psychic', 'Grass'),
('Chandelure', 'Ghost', 'Fire'),
('Chansey', 'Normal', NULL),
('Charizard', 'Fire', 'Flying'),
('Charmander', 'Fire', NULL),
('Charmeleon', 'Fire', NULL),
('Chatot', 'Normal', 'Flying'),
('Cherrim', 'Grass', NULL),
('Cherubi', 'Grass', NULL),
('Chesnaught', 'Grass', 'Fighting'),
('Chespin', 'Grass', NULL),
('Chikorita', 'Grass', NULL),
('Chimchar', 'Fire', NULL),
('Chimecho', 'Psychic', NULL),
('Chinchou', 'Water', 'Electric'),
('Chingling', 'Psychic', NULL),
('Cinccino', 'Normal', NULL),
('Clamperl', 'Water', NULL),
('Clauncher', 'Water', NULL),
('Clawitzer', 'Water', NULL),
('Claydol', 'Ground', 'Psychic'),
('Clefable', 'Fairy', NULL),
('Clefairy', 'Fairy', NULL),
('Cleffa', 'Fairy', NULL),
('Cloyster', 'Water', 'Ice'),
('Cobalion', 'Steel', 'Fighting'),
('Cofagrigus', 'Ghost', NULL),
('Combee', 'Bug', 'Flying'),
('Combusken', 'Fire', 'Fighting'),
('Conkeldurr', 'Fighting', NULL),
('Corphish', 'Water', NULL),
('Corsola', 'Water', 'Rock'),
('Cottonee', 'Grass', 'Fairy'),
('Cradily', 'Rock', 'Grass'),
('Cranidos', 'Rock', NULL),
('Crawdaunt', 'Water', 'Dark'),
('Cresselia', 'Psychic', NULL),
('Croagunk', 'Poison', 'Fighting'),
('Crobat', 'Poison', 'Flying'),
('Croconaw', 'Water', NULL),
('Crustle', 'Bug', 'Rock'),
('Cryogonal', 'Ice', NULL),
('Cubchoo', 'Ice', NULL),
('Cubone', 'Ground', NULL),
('Cyndaquil', 'Fire', NULL),
('Darkrai', 'Dark', NULL),
('Darumaka', 'Fire', NULL),
('Dedenne', 'Electric', 'Fairy'),
('Deerling', 'Normal', 'Grass'),
('Deino', 'Dark', 'Dragon'),
('Delcatty', 'Normal', NULL),
('Delibird', 'Ice', 'Flying'),
('Delphox', 'Fire', 'Psychic'),
('Dewgong', 'Water', 'Ice'),
('Dewott', 'Water', NULL),
('Dialga', 'Steel', 'Dragon'),
('Diancie', 'Rock', 'Fairy'),
('Diggersby', 'Normal', 'Ground'),
('Diglett', 'Ground', NULL),
('Ditto', 'Normal', NULL),
('Dodrio', 'Normal', 'Flying'),
('Doduo', 'Normal', 'Flying'),
('Donphan', 'Ground', NULL),
('Doublade', 'Steel', 'Ghost'),
('Dragalge', 'Poison', 'Dragon'),
('Dragonair', 'Dragon', NULL),
('Dragonite', 'Dragon', 'Flying'),
('Drapion', 'Poison', 'Dark'),
('Dratini', 'Dragon', NULL),
('Drifblim', 'Ghost', 'Flying'),
('Drifloon', 'Ghost', 'Flying'),
('Drilbur', 'Ground', NULL),
('Drowzee', 'Psychic', NULL),
('Druddigon', 'Dragon', NULL),
('Ducklett', 'Water', 'Flying'),
('Dugtrio', 'Ground', NULL),
('Dunsparce', 'Normal', NULL),
('Duosion', 'Psychic', NULL),
('Durant', 'Bug', 'Steel'),
('Dusclops', 'Ghost', NULL),
('Dusknoir', 'Ghost', NULL),
('Duskull', 'Ghost', NULL),
('Dustox', 'Bug', 'Poison'),
('Dwebble', 'Bug', 'Rock'),
('Eelektrik', 'Electric', NULL),
('Eelektross', 'Electric', NULL),
('Eevee', 'Normal', NULL),
('Ekans', 'Poison', NULL),
('Electabuzz', 'Electric', NULL),
('Electivire', 'Electric', NULL),
('Electrike', 'Electric', NULL),
('Electrode', 'Electric', NULL),
('Elekid', 'Electric', NULL),
('Elgyem', 'Psychic', NULL),
('Emboar', 'Fire', 'Fighting'),
('Emolga', 'Electric', 'Flying'),
('Empoleon', 'Water', 'Steel'),
('Entei', 'Fire', NULL),
('Escavalier', 'Bug', 'Steel'),
('Espeon', 'Psychic', NULL),
('Espurr', 'Psychic', NULL),
('Excadrill', 'Ground', 'Steel'),
('Exeggcute', 'Grass', 'Psychic'),
('Exeggutor', 'Grass', 'Psychic'),
('Exploud', 'Normal', NULL),
('Farfetch''d', 'Normal', 'Flying'),
('Fearow', 'Normal', 'Flying'),
('Feebas', 'Water', NULL),
('Fennekin', 'Fire', NULL),
('Feraligatr', 'Water', NULL),
('Ferroseed', 'Grass', 'Steel'),
('Ferrothorn', 'Grass', 'Steel'),
('Finneon', 'Water', NULL),
('Flaaffy', 'Electric', NULL),
('Flabébé', 'Fairy', NULL),
('Flareon', 'Fire', NULL),
('Fletchinder', 'Fire', 'Flying'),
('Fletchling', 'Normal', 'Flying'),
('Floatzel', 'Water', NULL),
('Floette', 'Fairy', NULL),
('Florges', 'Fairy', NULL),
('Flygon', 'Ground', 'Dragon'),
('Foongus', 'Grass', 'Poison'),
('Forretress', 'Bug', 'Steel'),
('Fraxure', 'Dragon', NULL),
('Frillish', 'Water', 'Ghost'),
('Froakie', 'Water', NULL),
('Frogadier', 'Water', NULL),
('Froslass', 'Ice', 'Ghost'),
('Furfrou', 'Normal', NULL),
('Furret', 'Normal', NULL),
('Gabite', 'Dragon', 'Ground'),
('Gallade', 'Psychic', 'Fighting'),
('Galvantula', 'Bug', 'Electric'),
('Garbodor', 'Poison', NULL),
('Garchomp', 'Dragon', 'Ground'),
('Gardevoir', 'Psychic', 'Fairy'),
('Gastly', 'Ghost', 'Poison'),
('Gastrodon', 'Water', 'Ground'),
('Genesect', 'Bug', 'Steel'),
('Gengar', 'Ghost', 'Poison'),
('Geodude', 'Rock', 'Ground'),
('Gible', 'Dragon', 'Ground'),
('Gigalith', 'Rock', NULL),
('Girafarig', 'Normal', 'Psychic'),
('Glaceon', 'Ice', NULL),
('Glalie', 'Ice', NULL),
('Glameow', 'Normal', NULL),
('Gligar', 'Ground', 'Flying'),
('Gliscor', 'Ground', 'Flying'),
('Gloom', 'Grass', 'Poison'),
('Gogoat', 'Grass', NULL),
('Golbat', 'Poison', 'Flying'),
('Goldeen', 'Water', NULL),
('Golduck', 'Water', NULL),
('Golem', 'Rock', 'Ground'),
('Golett', 'Ground', 'Ghost'),
('Golurk', 'Ground', 'Ghost'),
('Goodra', 'Dragon', NULL),
('Goomy', 'Dragon', NULL),
('Gorebyss', 'Water', NULL),
('Gothita', 'Psychic', NULL),
('Gothitelle', 'Psychic', NULL),
('Gothorita', 'Psychic', NULL),
('Granbull', 'Fairy', NULL),
('Graveler', 'Rock', 'Ground'),
('Greninja', 'Water', 'Dark'),
('Grimer', 'Poison', NULL),
('Grotle', 'Grass', NULL),
('Groudon', 'Ground', NULL),
('Grovyle', 'Grass', NULL),
('Growlithe', 'Fire', NULL),
('Grumpig', 'Psychic', NULL),
('Gulpin', 'Poison', NULL),
('Gurdurr', 'Fighting', NULL),
('Gyarados', 'Water', 'Flying'),
('Happiny', 'Normal', NULL),
('Hariyama', 'Fighting', NULL),
('Haunter', 'Ghost', 'Poison'),
('Hawlucha', 'Fighting', 'Flying'),
('Haxorus', 'Dragon', NULL),
('Heatmor', 'Fire', NULL),
('Heatran', 'Fire', 'Steel'),
('Heliolisk', 'Electric', 'Normal'),
('Helioptile', 'Electric', 'Normal'),
('Heracross', 'Bug', 'Fighting'),
('Herdier', 'Normal', NULL),
('Hippopotas', 'Ground', NULL),
('Hippowdon', 'Ground', NULL),
('Hitmonchan', 'Fighting', NULL),
('Hitmonlee', 'Fighting', NULL),
('Hitmontop', 'Fighting', NULL),
('Ho-oh', 'Fire', 'Flying'),
('Honchkrow', 'Dark', 'Flying'),
('Honedge', 'Steel', 'Ghost'),
('Hoothoot', 'Normal', 'Flying'),
('Hoppip', 'Grass', 'Flying'),
('Horsea', 'Water', NULL),
('Houndoom', 'Dark', 'Fire'),
('Houndour', 'Dark', 'Fire'),
('Huntail', 'Water', NULL),
('Hydreigon', 'Dark', 'Dragon'),
('Hypno', 'Psychic', NULL),
('Igglybuff', 'Normal', 'Fairy'),
('Illumise', 'Bug', NULL),
('Infernape', 'Fire', 'Fighting'),
('Inkay', 'Dark', 'Psychic'),
('Ivysaur', 'Grass', 'Poison'),
('Jellicent', 'Water', 'Ghost'),
('Jigglypuff', 'Normal', 'Fairy'),
('Jirachi', 'Steel', 'Psychic'),
('Jolteon', 'Electric', NULL),
('Joltik', 'Bug', 'Electric'),
('Jumpluff', 'Grass', 'Flying'),
('Jynx', 'Ice', 'Psychic'),
('Kabuto', 'Rock', 'Water'),
('Kabutops', 'Rock', 'Water'),
('Kadabra', 'Psychic', NULL),
('Kakuna', 'Bug', 'Poison'),
('Kangaskhan', 'Normal', NULL),
('Karrablast', 'Bug', NULL),
('Kecleon', 'Normal', NULL),
('Kingdra', 'Water', 'Dragon'),
('Kingler', 'Water', NULL),
('Kirlia', 'Psychic', 'Fairy'),
('Klang', 'Steel', NULL),
('Klefki', 'Steel', 'Fairy'),
('Klink', 'Steel', NULL),
('Klinklang', 'Steel', NULL),
('Koffing', 'Poison', NULL),
('Krabby', 'Water', NULL),
('Kricketot', 'Bug', NULL),
('Kricketune', 'Bug', NULL),
('Krokorok', 'Ground', 'Dark'),
('Krookodile', 'Ground', 'Dark'),
('Kyogre', 'Water', NULL),
('Kyurem', 'Dragon', 'Ice'),
('Lairon', 'Steel', 'Rock'),
('Lampent', 'Ghost', 'Fire'),
('Lanturn', 'Water', 'Electric'),
('Lapras', 'Water', 'Ice'),
('Larvesta', 'Bug', 'Fire'),
('Larvitar', 'Rock', 'Ground'),
('Latias', 'Dragon', 'Psychic'),
('Latios', 'Dragon', 'Psychic'),
('Leafeon', 'Grass', NULL),
('Leavanny', 'Bug', 'Grass'),
('Ledian', 'Bug', 'Flying'),
('Ledyba', 'Bug', 'Flying'),
('Lickilicky', 'Normal', NULL),
('Lickitung', 'Normal', NULL),
('Liepard', 'Dark', NULL),
('Lileep', 'Rock', 'Grass'),
('Lilligant', 'Grass', NULL),
('Lillipup', 'Normal', NULL),
('Linoone', 'Normal', NULL),
('Litleo', 'Fire', 'Normal'),
('Litwick', 'Ghost', 'Fire'),
('Lombre', 'Water', 'Grass'),
('Lopunny', 'Normal', NULL),
('Lotad', 'Water', 'Grass'),
('Loudred', 'Normal', NULL),
('Lucario', 'Fighting', 'Steel'),
('Ludicolo', 'Water', 'Grass'),
('Lugia', 'Psychic', 'Flying'),
('Lumineon', 'Water', NULL),
('Lunatone', 'Rock', 'Psychic'),
('Luvdisc', 'Water', NULL),
('Luxio', 'Electric', NULL),
('Luxray', 'Electric', NULL),
('Machamp', 'Fighting', NULL),
('Machoke', 'Fighting', NULL),
('Machop', 'Fighting', NULL),
('Magby', 'Fire', NULL),
('Magcargo', 'Fire', 'Rock'),
('Magikarp', 'Water', NULL),
('Magmar', 'Fire', NULL),
('Magmortar', 'Fire', NULL),
('Magnemite', 'Electric', 'Steel'),
('Magneton', 'Electric', 'Steel'),
('Magnezone', 'Electric', 'Steel'),
('Makuhita', 'Fighting', NULL),
('Malamar', 'Dark', 'Psychic'),
('Mamoswine', 'Ice', 'Ground'),
('Manaphy', 'Water', NULL),
('Mandibuzz', 'Dark', 'Flying'),
('Manectric', 'Electric', NULL),
('Mankey', 'Fighting', NULL),
('Mantine', 'Water', 'Flying'),
('Mantyke', 'Water', 'Flying'),
('Maractus', 'Grass', NULL),
('Mareep', 'Electric', NULL),
('Marill', 'Water', 'Fairy'),
('Marowak', 'Ground', NULL),
('Marshtomp', 'Water', 'Ground'),
('Masquerain', 'Bug', 'Flying'),
('Mawile', 'Steel', 'Fairy'),
('Medicham', 'Fighting', 'Psychic'),
('Meditite', 'Fighting', 'Psychic'),
('Meganium', 'Grass', NULL),
('Meowth', 'Normal', NULL),
('Mesprit', 'Psychic', NULL),
('Metagross', 'Steel', 'Psychic'),
('Metang', 'Steel', 'Psychic'),
('Metapod', 'Bug', NULL),
('Mew', 'Psychic', NULL),
('Mewtwo', 'Psychic', NULL),
('Mienfoo', 'Fighting', NULL),
('Mienshao', 'Fighting', NULL),
('Mightyena', 'Dark', NULL),
('Milotic', 'Water', NULL),
('Miltank', 'Normal', NULL),
('Mime Jr.', 'Psychic', 'Fairy'),
('Minccino', 'Normal', NULL),
('Minun', 'Electric', NULL),
('Misdreavus', 'Ghost', NULL),
('Mismagius', 'Ghost', NULL),
('Moltres', 'Fire', 'Flying'),
('Monferno', 'Fire', 'Fighting'),
('Mothim', 'Bug', 'Flying'),
('Mr. Mime', 'Psychic', 'Fairy'),
('Mudkip', 'Water', NULL),
('Muk', 'Poison', NULL),
('Munchlax', 'Normal', NULL),
('Munna', 'Psychic', NULL),
('Murkrow', 'Dark', 'Flying'),
('Musharna', 'Psychic', NULL),
('Natu', 'Psychic', 'Flying'),
('Nidoking', 'Poison', 'Ground'),
('Nidoqueen', 'Poison', 'Ground'),
('Nidoran?(Female)', 'Poison', NULL),
('Nidoran?(Male)', 'Poison', NULL),
('Nidorina', 'Poison', NULL),
('Nidorino', 'Poison', NULL),
('Nincada', 'Bug', 'Ground'),
('Ninetales', 'Fire', NULL),
('Ninjask', 'Bug', 'Flying'),
('Noctowl', 'Normal', 'Flying'),
('Noibat', 'Flying', 'Dragon'),
('Noivern', 'Flying', 'Dragon'),
('Nosepass', 'Rock', NULL),
('Numel', 'Fire', 'Ground'),
('Nuzleaf', 'Grass', 'Dark'),
('Octillery', 'Water', NULL),
('Oddish', 'Grass', 'Poison'),
('Omanyte', 'Rock', 'Water'),
('Omastar', 'Rock', 'Water'),
('Onix', 'Rock', 'Ground'),
('Oshawott', 'Water', NULL),
('Pachirisu', 'Electric', NULL),
('Palkia', 'Water', 'Dragon'),
('Palpitoad', 'Water', 'Ground'),
('Pancham', 'Fighting', NULL),
('Pangoro', 'Fighting', 'Dark'),
('Panpour', 'Water', NULL),
('Pansage', 'Grass', NULL),
('Pansear', 'Fire', NULL),
('Paras', 'Bug', 'Grass'),
('Parasect', 'Bug', 'Grass'),
('Patrat', 'Normal', NULL),
('Pawniard', 'Dark', 'Steel'),
('Pelipper', 'Water', 'Flying'),
('Persian', 'Normal', NULL),
('Petilil', 'Grass', NULL),
('Phanpy', 'Ground', NULL),
('Phantump', 'Ghost', 'Grass'),
('Phione', 'Water', NULL),
('Pichu', 'Electric', NULL),
('Pidgeot', 'Normal', 'Flying'),
('Pidgeotto', 'Normal', 'Flying'),
('Pidgey', 'Normal', 'Flying'),
('Pidove', 'Normal', 'Flying'),
('Pignite', 'Fire', 'Fighting'),
('Pikachu', 'Electric', NULL),
('Piloswine', 'Ice', 'Ground'),
('Pineco', 'Bug', NULL),
('Pinsir', 'Bug', NULL),
('Piplup', 'Water', NULL),
('Plusle', 'Electric', NULL),
('Politoed', 'Water', NULL),
('Poliwag', 'Water', NULL),
('Poliwhirl', 'Water', NULL),
('Poliwrath', 'Water', 'Fighting'),
('Ponyta', 'Fire', NULL),
('Poochyena', 'Dark', NULL),
('Porygon', 'Normal', NULL),
('Porygon-Z', 'Normal', NULL),
('Porygon2', 'Normal', NULL),
('Primeape', 'Fighting', NULL),
('Prinplup', 'Water', NULL),
('Probopass', 'Rock', 'Steel'),
('Psyduck', 'Water', NULL),
('Pupitar', 'Rock', 'Ground'),
('Purrloin', 'Dark', NULL),
('Purugly', 'Normal', NULL),
('Pyroar', 'Fire', 'Normal'),
('Quagsire', 'Water', 'Ground'),
('Quilava', 'Fire', NULL),
('Quilladin', 'Grass', NULL),
('Qwilfish', 'Water', 'Poison'),
('Raichu', 'Electric', NULL),
('Raikou', 'Electric', NULL),
('Ralts', 'Psychic', 'Fairy'),
('Rampardos', 'Rock', NULL),
('Rapidash', 'Fire', NULL),
('Raticate', 'Normal', NULL),
('Rattata', 'Normal', NULL),
('Rayquaza', 'Dragon', 'Flying'),
('Regice', 'Ice', NULL),
('Regigigas', 'Normal', NULL),
('Regirock', 'Rock', NULL),
('Registeel', 'Steel', NULL),
('Relicanth', 'Water', 'Rock'),
('Remoraid', 'Water', NULL),
('Reshiram', 'Dragon', 'Fire'),
('Reuniclus', 'Psychic', NULL),
('Rhydon', 'Ground', 'Rock'),
('Rhyhorn', 'Ground', 'Rock'),
('Rhyperior', 'Ground', 'Rock'),
('Riolu', 'Fighting', NULL),
('Roggenrola', 'Rock', NULL),
('Roselia', 'Grass', 'Poison'),
('Roserade', 'Grass', 'Poison'),
('Rotom', 'Electric', 'Ghost'),
('Rufflet', 'Normal', 'Flying'),
('Sableye', 'Dark', 'Ghost'),
('Salamence', 'Dragon', 'Flying'),
('Samurott', 'Water', NULL),
('Sandile', 'Ground', 'Dark'),
('Sandshrew', 'Ground', NULL),
('Sandslash', 'Ground', NULL),
('Sawk', 'Fighting', NULL),
('Sawsbuck', 'Normal', 'Grass'),
('Scatterbug', 'Bug', NULL),
('Sceptile', 'Grass', NULL),
('Scizor', 'Bug', 'Steel'),
('Scolipede', 'Bug', 'Poison'),
('Scrafty', 'Dark', 'Fighting'),
('Scraggy', 'Dark', 'Fighting'),
('Scyther', 'Bug', 'Flying'),
('Seadra', 'Water', NULL),
('Seaking', 'Water', NULL),
('Sealeo', 'Ice', 'Water'),
('Seedot', 'Grass', NULL),
('Seel', 'Water', NULL),
('Seismitoad', 'Water', 'Ground'),
('Sentret', 'Normal', NULL),
('Serperior', 'Grass', NULL),
('Servine', 'Grass', NULL),
('Seviper', 'Poison', NULL),
('Sewaddle', 'Bug', 'Grass'),
('Sharpedo', 'Water', 'Dark'),
('Shedinja', 'Bug', 'Ghost'),
('Shelgon', 'Dragon', NULL),
('Shellder', 'Water', NULL),
('Shellos', 'Water', NULL),
('Shelmet', 'Bug', NULL),
('Shieldon', 'Rock', 'Steel'),
('Shiftry', 'Grass', 'Dark'),
('Shinx', 'Electric', NULL),
('Shroomish', 'Grass', NULL),
('Shuckle', 'Bug', 'Rock'),
('Shuppet', 'Ghost', NULL),
('Sigilyph', 'Psychic', 'Flying'),
('Silcoon', 'Bug', NULL),
('Simipour', 'Water', NULL),
('Simisage', 'Grass', NULL),
('Simisear', 'Fire', NULL),
('Skarmory', 'Steel', 'Flying'),
('Skiddo', 'Grass', NULL),
('Skiploom', 'Grass', 'Flying'),
('Skitty', 'Normal', NULL),
('Skorupi', 'Poison', 'Bug'),
('Skrelp', 'Poison', 'Water'),
('Skuntank', 'Poison', 'Dark'),
('Slaking', 'Normal', NULL),
('Slakoth', 'Normal', NULL),
('Sliggoo', 'Dragon', NULL),
('Slowbro', 'Water', 'Psychic'),
('Slowking', 'Water', 'Psychic'),
('Slowpoke', 'Water', 'Psychic'),
('Slugma', 'Fire', NULL),
('Slurpuff', 'Fairy', NULL),
('Smeargle', 'Normal', NULL),
('Smoochum', 'Ice', 'Psychic'),
('Sneasel', 'Dark', 'Ice'),
('Snivy', 'Grass', NULL),
('Snorlax', 'Normal', NULL),
('Snorunt', 'Ice', NULL),
('Snover', 'Grass', 'Ice'),
('Snubbull', 'Fairy', NULL),
('Solosis', 'Psychic', NULL),
('Solrock', 'Rock', 'Psychic'),
('Spearow', 'Normal', 'Flying'),
('Spewpa', 'Bug', NULL),
('Spheal', 'Ice', 'Water'),
('Spinarak', 'Bug', 'Poison'),
('Spinda', 'Normal', NULL),
('Spiritomb', 'Ghost', 'Dark'),
('Spoink', 'Psychic', NULL),
('Spritzee', 'Fairy', NULL),
('Squirtle', 'Water', NULL),
('Stantler', 'Normal', NULL),
('Staraptor', 'Normal', 'Flying'),
('Staravia', 'Normal', 'Flying'),
('Starly', 'Normal', 'Flying'),
('Starmie', 'Water', 'Psychic'),
('Staryu', 'Water', NULL),
('Steelix', 'Steel', 'Ground'),
('Stoutland', 'Normal', NULL),
('Stunfisk', 'Ground', 'Electric'),
('Stunky', 'Poison', 'Dark'),
('Sudowoodo', 'Rock', NULL),
('Suicune', 'Water', NULL),
('Sunflora', 'Grass', NULL),
('Sunkern', 'Grass', NULL),
('Surskit', 'Bug', 'Water'),
('Swablu', 'Normal', 'Flying'),
('Swadloon', 'Bug', 'Grass'),
('Swalot', 'Poison', NULL),
('Swampert', 'Water', 'Ground'),
('Swanna', 'Water', 'Flying'),
('Swellow', 'Normal', 'Flying'),
('Swinub', 'Ice', 'Ground'),
('Swirlix', 'Fairy', NULL),
('Swoobat', 'Psychic', 'Flying'),
('Sylveon', 'Fairy', NULL),
('Taillow', 'Normal', 'Flying'),
('Talonflame', 'Fire', 'Flying'),
('Tangela', 'Grass', NULL),
('Tangrowth', 'Grass', NULL),
('Tauros', 'Normal', NULL),
('Teddiursa', 'Normal', NULL),
('Tentacool', 'Water', 'Poison'),
('Tentacruel', 'Water', 'Poison'),
('Tepig', 'Fire', NULL),
('Terrakion', 'Rock', 'Fighting'),
('Throh', 'Fighting', NULL),
('Timburr', 'Fighting', NULL),
('Tirtouga', 'Water', 'Rock'),
('Togekiss', 'Fairy', 'Flying'),
('Togepi', 'Fairy', NULL),
('Togetic', 'Fairy', 'Flying'),
('Torchic', 'Fire', NULL),
('Torkoal', 'Fire', NULL),
('Torterra', 'Grass', 'Ground'),
('Totodile', 'Water', NULL),
('Toxicroak', 'Poison', 'Fighting'),
('Tranquill', 'Normal', 'Flying'),
('Trapinch', 'Ground', NULL),
('Treecko', 'Grass', NULL),
('Trevenant', 'Ghost', 'Grass'),
('Tropius', 'Grass', 'Flying'),
('Trubbish', 'Poison', NULL),
('Turtwig', 'Grass', NULL),
('Tympole', 'Water', NULL),
('Tynamo', 'Electric', NULL),
('Typhlosion', 'Fire', NULL),
('Tyranitar', 'Rock', 'Dark'),
('Tyrantrum', 'Rock', 'Dragon'),
('Tyrogue', 'Fighting', NULL),
('Tyrunt', 'Rock', 'Dragon'),
('Umbreon', 'Dark', NULL),
('Unfezant', 'Normal', 'Flying'),
('Unown', 'Psychic', NULL),
('Ursaring', 'Normal', NULL),
('Uxie', 'Psychic', NULL),
('Vanillish', 'Ice', NULL),
('Vanillite', 'Ice', NULL),
('Vanilluxe', 'Ice', NULL),
('Vaporeon', 'Water', NULL),
('Venipede', 'Bug', 'Poison'),
('Venomoth', 'Bug', 'Poison'),
('Venonat', 'Bug', 'Poison'),
('Venusaur', 'Grass', 'Poison'),
('Vespiquen', 'Bug', 'Flying'),
('Vibrava', 'Ground', 'Dragon'),
('Victini', 'Psychic', 'Fire'),
('Victreebel', 'Grass', 'Poison'),
('Vigoroth', 'Normal', NULL),
('Vileplume', 'Grass', 'Poison'),
('Virizion', 'Grass', 'Fighting'),
('Vivillon', 'Bug', 'Flying'),
('Volbeat', 'Bug', NULL),
('Volcanion', 'Fire', 'Water'),
('Volcarona', 'Bug', 'Fire'),
('Voltorb', 'Electric', NULL),
('Vullaby', 'Dark', 'Flying'),
('Vulpix', 'Fire', NULL),
('Wailmer', 'Water', NULL),
('Wailord', 'Water', NULL),
('Walrein', 'Ice', 'Water'),
('Wartortle', 'Water', NULL),
('Watchog', 'Normal', NULL),
('Weavile', 'Dark', 'Ice'),
('Weedle', 'Bug', 'Poison'),
('Weepinbell', 'Grass', 'Poison'),
('Weezing', 'Poison', NULL),
('Whimsicott', 'Grass', 'Fairy'),
('Whirlipede', 'Bug', 'Poison'),
('Whiscash', 'Water', 'Ground'),
('Whismur', 'Normal', NULL),
('Wigglytuff', 'Normal', 'Fairy'),
('Wingull', 'Water', 'Flying'),
('Wobbuffet', 'Psychic', NULL),
('Woobat', 'Psychic', 'Flying'),
('Wooper', 'Water', 'Ground'),
('Wurmple', 'Bug', NULL),
('Wynaut', 'Psychic', NULL),
('Xatu', 'Psychic', 'Flying'),
('Xerneas', 'Fairy', NULL),
('Yamask', 'Ghost', NULL),
('Yanma', 'Bug', 'Flying'),
('Yanmega', 'Bug', 'Flying'),
('Yveltal', 'Dark', 'Flying'),
('Zangoose', 'Normal', NULL),
('Zapdos', 'Electric', 'Flying'),
('Zebstrika', 'Electric', NULL),
('Zekrom', 'Dragon', 'Electric'),
('Zigzagoon', 'Normal', NULL),
('Zoroark', 'Dark', NULL),
('Zorua', 'Dark', NULL),
('Zubat', 'Poison', 'Flying'),
('Zweilous', 'Dark', 'Dragon');

-- --------------------------------------------------------

--
-- Tablo için tablo yapısı `region`
--

CREATE TABLE IF NOT EXISTS `region` (
  `name` varchar(40) NOT NULL,
  `numberOfGymLocated` int(11) DEFAULT NULL,
  PRIMARY KEY (`name`)
) ENGINE=InnoDB DEFAULT CHARSET=latin1;

--
-- Tablo döküm verisi `region`
--

INSERT INTO `region` (`name`, `numberOfGymLocated`) VALUES
('Hoenn', 8),
('Johto', 8),
('Kalos', 8),
('Kanto', 8),
('Orange Island', 5),
('Sinnoh', 8),
('Unova', 8);

-- --------------------------------------------------------

--
-- Tablo için tablo yapısı `trainedby`
--

CREATE TABLE IF NOT EXISTS `trainedby` (
  `tid` int(11) NOT NULL,
  `pid` int(11) NOT NULL,
  `happiness` int(11) DEFAULT NULL,
  PRIMARY KEY (`pid`),
  KEY `tid` (`tid`)
) ENGINE=InnoDB DEFAULT CHARSET=latin1;

--
-- Tablo döküm verisi `trainedby`
--

INSERT INTO `trainedby` (`tid`, `pid`, `happiness`) VALUES
(3, 4, 13),
(2, 6, 50),
(3, 7, 45),
(5, 20, 23),
(3, 24, 20),
(2, 29, 16),
(1, 30, 25),
(3, 35, 25),
(2, 45, 35),
(2, 57, 45),
(4, 89, 18),
(4, 90, 15),
(1, 94, 12),
(6, 99, 50),
(2, 115, 27),
(2, 127, 25),
(5, 132, 11),
(4, 137, 34),
(4, 140, 35),
(2, 151, 35),
(1, 160, 15),
(1, 169, 50),
(2, 170, 45),
(2, 298, 15),
(2, 304, 15),
(2, 318, 15),
(2, 330, 14),
(1, 460, 15),
(1, 465, 20),
(2, 476, 14),
(6, 543, 21);

-- --------------------------------------------------------

--
-- Tablo için tablo yapısı `trainers`
--

CREATE TABLE IF NOT EXISTS `trainers` (
  `tid` int(11) NOT NULL AUTO_INCREMENT,
  `tName` varchar(40) NOT NULL,
  `region` varchar(40) DEFAULT NULL,
  `numberOfBadge` int(11) DEFAULT NULL,
  `hasGym` tinyint(1) DEFAULT NULL,
  `numberOfPokémon` int(11) DEFAULT NULL,
  PRIMARY KEY (`tid`),
  KEY `region` (`region`)
) ENGINE=InnoDB  DEFAULT CHARSET=latin1 AUTO_INCREMENT=9 ;

--
-- Tablo döküm verisi `trainers`
--

INSERT INTO `trainers` (`tid`, `tName`, `region`, `numberOfBadge`, `hasGym`, `numberOfPokémon`) VALUES
(1, 'Batuhan', 'Johto', 0, 0, 5),
(2, 'Mert', 'Kanto', 0, 0, 4),
(3, 'Mucahid', 'Kanto', 0, 0, 3),
(4, 'Alperen', 'Sinnoh', 0, 0, 4),
(5, 'Beyza', 'Unova', 0, 0, 1),
(6, 'Emre', 'Orange Island', 0, 0, 2),
(7, 'MertKosan', 'Kanto', 0, 0, 0),
(8, 'MertKKK', 'Hoenn', 0, 0, 0);

-- --------------------------------------------------------

--
-- Tablo için tablo yapısı `types`
--

CREATE TABLE IF NOT EXISTS `types` (
  `name` varchar(10) NOT NULL,
  PRIMARY KEY (`name`)
) ENGINE=InnoDB DEFAULT CHARSET=latin1;

--
-- Tablo döküm verisi `types`
--

INSERT INTO `types` (`name`) VALUES
('Bug'),
('Dark'),
('Dragon'),
('Electric'),
('Fairy'),
('Fighting'),
('Fire'),
('Flying'),
('Ghost'),
('Grass'),
('Ground'),
('Ice'),
('Normal'),
('Poison'),
('Psychic'),
('Rock'),
('Steel'),
('Water');

--
-- Dökümü yapılmış tablolar için kısıtlamalar
--

--
-- Tablo kısıtlamaları `canbeat`
--
ALTER TABLE `canbeat`
  ADD CONSTRAINT `canbeat_ibfk_1` FOREIGN KEY (`type1`) REFERENCES `types` (`name`) ON DELETE CASCADE ON UPDATE CASCADE,
  ADD CONSTRAINT `canbeat_ibfk_2` FOREIGN KEY (`type2`) REFERENCES `types` (`name`) ON DELETE CASCADE ON UPDATE CASCADE;

--
-- Tablo kısıtlamaları `isimmune`
--
ALTER TABLE `isimmune`
  ADD CONSTRAINT `isimmune_ibfk_1` FOREIGN KEY (`type1`) REFERENCES `types` (`name`) ON DELETE CASCADE ON UPDATE CASCADE,
  ADD CONSTRAINT `isimmune_ibfk_2` FOREIGN KEY (`type2`) REFERENCES `types` (`name`) ON DELETE CASCADE ON UPDATE CASCADE;

--
-- Tablo kısıtlamaları `pokémon`
--
ALTER TABLE `pokémon`
  ADD CONSTRAINT `pokémon_ibfk_1` FOREIGN KEY (`region`) REFERENCES `region` (`name`) ON DELETE CASCADE ON UPDATE CASCADE,
  ADD CONSTRAINT `pokémon_ibfk_2` FOREIGN KEY (`pName`) REFERENCES `pokémontype` (`pName`) ON DELETE CASCADE ON UPDATE CASCADE;

--
-- Tablo kısıtlamaları `pokémonimg`
--
ALTER TABLE `pokémonimg`
  ADD CONSTRAINT `pokémonimg_ibfk_1` FOREIGN KEY (`pName`) REFERENCES `pokémontype` (`pName`) ON DELETE CASCADE ON UPDATE CASCADE;

--
-- Tablo kısıtlamaları `pokémontype`
--
ALTER TABLE `pokémontype`
  ADD CONSTRAINT `pokémontype_ibfk_1` FOREIGN KEY (`type1`) REFERENCES `types` (`name`) ON DELETE CASCADE ON UPDATE CASCADE,
  ADD CONSTRAINT `pokémontype_ibfk_2` FOREIGN KEY (`type2`) REFERENCES `types` (`name`) ON DELETE CASCADE ON UPDATE CASCADE;

--
-- Tablo kısıtlamaları `trainedby`
--
ALTER TABLE `trainedby`
  ADD CONSTRAINT `trainedby_ibfk_1` FOREIGN KEY (`pid`) REFERENCES `pokémon` (`pid`) ON DELETE CASCADE ON UPDATE CASCADE,
  ADD CONSTRAINT `trainedby_ibfk_2` FOREIGN KEY (`tid`) REFERENCES `trainers` (`tid`) ON DELETE CASCADE ON UPDATE CASCADE;

--
-- Tablo kısıtlamaları `trainers`
--
ALTER TABLE `trainers`
  ADD CONSTRAINT `trainers_ibfk_1` FOREIGN KEY (`region`) REFERENCES `region` (`name`) ON DELETE CASCADE ON UPDATE CASCADE;

/*!40101 SET CHARACTER_SET_CLIENT=@OLD_CHARACTER_SET_CLIENT */;
/*!40101 SET CHARACTER_SET_RESULTS=@OLD_CHARACTER_SET_RESULTS */;
/*!40101 SET COLLATION_CONNECTION=@OLD_COLLATION_CONNECTION */;
